date,year,month,country,region,gasoline_usd_per_liter,brent_crude_usd_bbl,month_over_month_change%,year_over_year_change%
2015-01-01,2015,1,china,east asia,0.68,47.76,,
2015-02-01,2015,2,china,east asia,0.82,58.1,20.59,
2015-03-01,2015,3,china,east asia,0.78,55.89,-4.88,
2015-04-01,2015,4,china,east asia,0.83,59.49,6.41,
2015-05-01,2015,5,china,east asia,0.9,64.14,8.43,
2015-06-01,2015,6,china,east asia,0.85,61.48,-5.56,
2015-07-01,2015,7,china,east asia,0.77,56.56,-9.41,
2015-08-01,2015,8,china,east asia,0.65,46.52,-15.58,
2015-09-01,2015,9,china,east asia,0.7,47.61,7.689999999999999,
2015-10-01,2015,10,china,east asia,0.66,48.43,-5.71,
2015-11-01,2015,11,china,east asia,0.61,44.3,-7.580000000000001,
2015-12-01,2015,12,china,east asia,0.53,38.01,-13.11,
2016-01-01,2016,1,china,east asia,0.46,30.7,-13.21,-32.35
2016-02-01,2016,2,china,east asia,0.43,32.18,-6.52,-47.56
2016-03-01,2016,3,china,east asia,0.5,38.21,16.28,-35.9
2016-04-01,2016,4,china,east asia,0.57,41.58,14.000000000000002,-31.33
2016-05-01,2016,5,china,east asia,0.68,46.74,19.3,-24.44
2016-06-01,2016,6,china,east asia,0.67,48.25,-1.47,-21.18
2016-07-01,2016,7,china,east asia,0.61,44.95,-8.959999999999999,-20.78
2016-08-01,2016,8,china,east asia,0.65,45.84,6.5600000000000005,0.0
2016-09-01,2016,9,china,east asia,0.67,46.57,3.08,-4.29
2016-10-01,2016,10,china,east asia,0.71,49.52,5.970000000000001,7.580000000000001
2016-11-01,2016,11,china,east asia,0.65,45.27,-8.450000000000001,6.5600000000000005
2016-12-01,2016,12,china,east asia,0.75,53.28,15.38,41.510000000000005
2017-01-01,2017,1,china,east asia,0.77,54.58,2.67,67.39
2017-02-01,2017,2,china,east asia,0.82,55.42,6.49,90.7
2017-03-01,2017,3,china,east asia,0.66,51.59,-19.51,32.0
2017-04-01,2017,4,china,east asia,0.76,52.43,15.15,33.33
2017-05-01,2017,5,china,east asia,0.74,50.31,-2.63,8.82
2017-06-01,2017,6,china,east asia,0.64,46.46,-13.51,-4.48
2017-07-01,2017,7,china,east asia,0.69,48.48,7.81,13.11
2017-08-01,2017,8,china,east asia,0.74,51.58,7.249999999999999,13.85
2017-09-01,2017,9,china,east asia,0.76,55.42,2.7,13.43
2017-10-01,2017,10,china,east asia,0.8,57.37,5.26,12.68
2017-11-01,2017,11,china,east asia,0.88,62.66,10.0,35.38
2017-12-01,2017,12,china,east asia,0.92,64.37,4.55,22.67
2018-01-01,2018,1,china,east asia,0.96,69.08,4.35,24.68
2018-02-01,2018,2,china,east asia,0.95,65.73,-1.04,15.85
2018-03-01,2018,3,china,east asia,0.88,66.02,-7.37,33.33
2018-04-01,2018,4,china,east asia,0.98,72.11,11.36,28.95
2018-05-01,2018,5,china,east asia,1.08,76.98,10.2,45.95
2018-06-01,2018,6,china,east asia,1.01,74.41,-6.48,57.81
2018-07-01,2018,7,china,east asia,1.03,74.25,1.98,49.28
2018-08-01,2018,8,china,east asia,1.01,72.53,-1.94,36.49
2018-09-01,2018,9,china,east asia,1.06,78.89,4.95,39.47
2018-10-01,2018,10,china,east asia,1.11,81.03,4.72,38.75
2018-11-01,2018,11,china,east asia,0.89,64.75,-19.82,1.14
2018-12-01,2018,12,china,east asia,0.77,57.36,-13.48,-16.3
2019-01-01,2019,1,china,east asia,0.8,59.41,3.9,-16.669999999999998
2019-02-01,2019,2,china,east asia,0.9,63.83,12.5,-5.26
2019-03-01,2019,3,china,east asia,0.9,66.14,0.0,2.27
2019-04-01,2019,4,china,east asia,0.99,71.23,10.0,1.02
2019-05-01,2019,5,china,east asia,0.94,68.32,-5.050000000000001,-12.96
2019-06-01,2019,6,china,east asia,0.88,62.92,-6.38,-12.87
2019-07-01,2019,7,china,east asia,0.9,63.86,2.27,-12.62
2019-08-01,2019,8,china,east asia,0.85,59.04,-5.56,-15.840000000000002
2019-09-01,2019,9,china,east asia,0.9,62.83,5.88,-15.09
2019-10-01,2019,10,china,east asia,0.84,59.71,-6.67,-24.32
2019-11-01,2019,11,china,east asia,0.9,63.21,7.140000000000001,1.12
2019-12-01,2019,12,china,east asia,0.95,67.31,5.56,23.380000000000003
2020-01-01,2020,1,china,east asia,0.91,63.65,-4.21,13.750000000000002
2020-02-01,2020,2,china,east asia,0.78,55.66,-14.29,-13.33
2020-03-01,2020,3,china,east asia,0.49,32.01,-37.18,-45.56
2020-04-01,2020,4,china,east asia,0.37,26.63,-24.49,-62.63
2020-05-01,2020,5,china,east asia,0.42,30.42,13.51,-55.32
2020-06-01,2020,6,china,east asia,0.56,40.27,33.33,-36.36
2020-07-01,2020,7,china,east asia,0.6,43.24,7.140000000000001,-33.33
2020-08-01,2020,8,china,east asia,0.62,44.74,3.3300000000000005,-27.06
2020-09-01,2020,9,china,east asia,0.56,41.03,-9.68,-37.78
2020-10-01,2020,10,china,east asia,0.54,40.47,-3.5700000000000003,-35.709999999999994
2020-11-01,2020,11,china,east asia,0.59,43.5,9.26,-34.44
2020-12-01,2020,12,china,east asia,0.69,49.99,16.950000000000003,-27.37
2021-01-01,2021,1,china,east asia,0.75,55.27,8.7,-17.580000000000002
2021-02-01,2021,2,china,east asia,0.88,62.28,17.330000000000002,12.82
2021-03-01,2021,3,china,east asia,0.9,65.41,2.27,83.67
2021-04-01,2021,4,china,east asia,0.89,65.28,-1.11,140.54
2021-05-01,2021,5,china,east asia,1.01,68.72,13.48,140.48000000000002
2021-06-01,2021,6,china,east asia,1.04,73.64,2.97,85.71
2021-07-01,2021,7,china,east asia,1.05,74.27,0.96,75.0
2021-08-01,2021,8,china,east asia,0.99,70.64,-5.71,59.68
2021-09-01,2021,9,china,east asia,1.05,74.87,6.0600000000000005,87.5
2021-10-01,2021,10,china,east asia,1.2,83.54,14.29,122.22
2021-11-01,2021,11,china,east asia,1.18,80.79,-1.67,100.0
2021-12-01,2021,12,china,east asia,1.02,74.09,-13.56,47.83
2022-01-01,2022,1,china,east asia,1.19,86.51,16.669999999999998,58.67
2022-02-01,2022,2,china,east asia,1.35,97.13,13.45,53.41
2022-03-01,2022,3,china,east asia,1.67,117.25,23.7,85.56
2022-04-01,2022,4,china,east asia,1.44,104.58,-13.77,61.8
2022-05-01,2022,5,china,east asia,1.57,112.7,9.03,55.45
2022-06-01,2022,6,china,east asia,1.67,117.51,6.370000000000001,60.58
2022-07-01,2022,7,china,east asia,1.47,105.24,-11.98,40.0
2022-08-01,2022,8,china,east asia,1.37,97.64,-6.800000000000001,38.38
2022-09-01,2022,9,china,east asia,1.26,90.04,-8.03,20.0
2022-10-01,2022,10,china,east asia,1.28,93.26,1.59,6.67
2022-11-01,2022,11,china,east asia,1.26,89.23,-1.5599999999999998,6.78
2022-12-01,2022,12,china,east asia,1.11,80.92,-11.9,8.82
2023-01-01,2023,1,china,east asia,1.18,84.12,6.3100000000000005,-0.84
2023-02-01,2023,2,china,east asia,1.19,83.95,0.8500000000000001,-11.85
2023-03-01,2023,3,china,east asia,1.09,79.25,-8.4,-34.73
2023-04-01,2023,4,china,east asia,1.18,84.45,8.260000000000002,-18.06
2023-05-01,2023,5,china,east asia,1.06,75.61,-10.17,-32.48
2023-06-01,2023,6,china,east asia,1.09,74.91,2.83,-34.73
2023-07-01,2023,7,china,east asia,1.12,80.1,2.75,-23.81
2023-08-01,2023,8,china,east asia,1.21,86.17,8.04,-11.68
2023-09-01,2023,9,china,east asia,1.33,93.27,9.92,5.56
2023-10-01,2023,10,china,east asia,1.28,90.82,-3.76,0.0
2023-11-01,2023,11,china,east asia,1.18,82.57,-7.81,-6.35
2023-12-01,2023,12,china,east asia,1.08,77.04,-8.469999999999999,-2.7
2024-01-01,2024,1,china,east asia,1.1,79.04,1.85,-6.78
2024-02-01,2024,2,china,east asia,1.16,81.76,5.45,-2.52
2024-03-01,2024,3,china,east asia,1.24,85.42,6.9,13.76
2024-04-01,2024,4,china,east asia,1.26,89.01,1.61,6.78
2024-05-01,2024,5,china,east asia,1.16,82.26,-7.939999999999999,9.43
2024-06-01,2024,6,china,east asia,1.17,81.3,0.86,7.340000000000001
2024-07-01,2024,7,china,east asia,1.18,84.66,0.8500000000000001,5.36
2024-08-01,2024,8,china,east asia,1.1,79.27,-6.78,-9.09
2024-09-01,2024,9,china,east asia,1.0,73.16,-9.09,-24.81
2024-10-01,2024,10,china,east asia,1.05,74.5,5.0,-17.97
2024-11-01,2024,11,china,east asia,1.04,72.85,-0.95,-11.86
2024-12-01,2024,12,china,east asia,1.02,73.68,-1.92,-5.56
2025-01-01,2025,1,china,east asia,1.08,76.88,5.88,-1.82
2025-02-01,2025,2,china,east asia,1.03,74.45,-4.63,-11.21
2025-03-01,2025,3,china,east asia,1.02,72.1,-0.97,-17.740000000000002
2025-04-01,2025,4,china,east asia,0.95,68.3,-6.859999999999999,-24.6
2025-05-01,2025,5,china,east asia,0.9,65.4,-5.26,-22.41
2025-06-01,2025,6,china,east asia,0.84,63.2,-6.67,-28.21
2025-07-01,2025,7,china,east asia,0.87,61.5,3.5700000000000003,-26.27
2025-08-01,2025,8,china,east asia,0.82,60.1,-5.75,-25.45
2025-09-01,2025,9,china,east asia,0.84,58.8,2.44,-16.0
2025-10-01,2025,10,china,east asia,0.8,57.5,-4.760000000000001,-23.81
2025-11-01,2025,11,china,east asia,0.78,56.2,-2.5,-25.0
2025-12-01,2025,12,china,east asia,0.8,55.0,2.56,-21.57
2026-01-01,2026,1,china,east asia,0.82,58.5,2.5,-24.07
2026-02-01,2026,2,china,east asia,0.87,62.4,6.1,-15.53
2026-03-01,2026,3,china,east asia,1.3,92.4,49.43,27.450000000000003
2015-01-01,2015,1,germany,europe,1.0,47.76,,
2015-02-01,2015,2,germany,europe,1.17,58.1,17.0,
2015-03-01,2015,3,germany,europe,1.15,55.89,-1.71,
2015-04-01,2015,4,germany,europe,1.23,59.49,6.959999999999999,
2015-05-01,2015,5,germany,europe,1.29,64.14,4.88,
2015-06-01,2015,6,germany,europe,1.29,61.48,0.0,
2015-07-01,2015,7,germany,europe,1.16,56.56,-10.08,
2015-08-01,2015,8,germany,europe,0.92,46.52,-20.69,
2015-09-01,2015,9,germany,europe,0.99,47.61,7.61,
2015-10-01,2015,10,germany,europe,1.0,48.43,1.01,
2015-11-01,2015,11,germany,europe,0.91,44.3,-9.0,
2015-12-01,2015,12,germany,europe,0.8,38.01,-12.09,
2016-01-01,2016,1,germany,europe,0.62,30.7,-22.5,-38.0
2016-02-01,2016,2,germany,europe,0.64,32.18,3.2300000000000004,-45.3
2016-03-01,2016,3,germany,europe,0.8,38.21,25.0,-30.43
2016-04-01,2016,4,germany,europe,0.87,41.58,8.75,-29.270000000000003
2016-05-01,2016,5,germany,europe,0.95,46.74,9.2,-26.36
2016-06-01,2016,6,germany,europe,1.05,48.25,10.53,-18.6
2016-07-01,2016,7,germany,europe,0.9,44.95,-14.29,-22.41
2016-08-01,2016,8,germany,europe,0.92,45.84,2.22,0.0
2016-09-01,2016,9,germany,europe,1.04,46.57,13.04,5.050000000000001
2016-10-01,2016,10,germany,europe,1.03,49.52,-0.96,3.0
2016-11-01,2016,11,germany,europe,0.95,45.27,-7.77,4.4
2016-12-01,2016,12,germany,europe,1.12,53.28,17.89,40.0
2017-01-01,2017,1,germany,europe,1.14,54.58,1.79,83.87
2017-02-01,2017,2,germany,europe,1.16,55.42,1.7500000000000002,81.25
2017-03-01,2017,3,germany,europe,1.07,51.59,-7.76,33.75
2017-04-01,2017,4,germany,europe,1.08,52.43,0.93,24.14
2017-05-01,2017,5,germany,europe,1.03,50.31,-4.63,8.42
2017-06-01,2017,6,germany,europe,0.97,46.46,-5.83,-7.62
2017-07-01,2017,7,germany,europe,1.0,48.48,3.09,11.11
2017-08-01,2017,8,germany,europe,1.06,51.58,6.0,15.22
2017-09-01,2017,9,germany,europe,1.16,55.42,9.43,11.54
2017-10-01,2017,10,germany,europe,1.17,57.37,0.86,13.59
2017-11-01,2017,11,germany,europe,1.29,62.66,10.26,35.79
2017-12-01,2017,12,germany,europe,1.31,64.37,1.55,16.96
2018-01-01,2018,1,germany,europe,1.41,69.08,7.630000000000001,23.68
2018-02-01,2018,2,germany,europe,1.34,65.73,-4.96,15.52
2018-03-01,2018,3,germany,europe,1.35,66.02,0.75,26.17
2018-04-01,2018,4,germany,europe,1.52,72.11,12.590000000000002,40.74
2018-05-01,2018,5,germany,europe,1.6,76.98,5.26,55.34
2018-06-01,2018,6,germany,europe,1.54,74.41,-3.75,58.76
2018-07-01,2018,7,germany,europe,1.5,74.25,-2.6,50.0
2018-08-01,2018,8,germany,europe,1.5,72.53,0.0,41.510000000000005
2018-09-01,2018,9,germany,europe,1.61,78.89,7.33,38.79
2018-10-01,2018,10,germany,europe,1.65,81.03,2.48,41.03
2018-11-01,2018,11,germany,europe,1.33,64.75,-19.39,3.1
2018-12-01,2018,12,germany,europe,1.21,57.36,-9.02,-7.630000000000001
2019-01-01,2019,1,germany,europe,1.25,59.41,3.31,-11.35
2019-02-01,2019,2,germany,europe,1.29,63.83,3.2,-3.73
2019-03-01,2019,3,germany,europe,1.35,66.14,4.65,0.0
2019-04-01,2019,4,germany,europe,1.49,71.23,10.37,-1.97
2019-05-01,2019,5,germany,europe,1.39,68.32,-6.710000000000001,-13.13
2019-06-01,2019,6,germany,europe,1.29,62.92,-7.19,-16.23
2019-07-01,2019,7,germany,europe,1.31,63.86,1.55,-12.67
2019-08-01,2019,8,germany,europe,1.21,59.04,-7.630000000000001,-19.33
2019-09-01,2019,9,germany,europe,1.29,62.83,6.61,-19.88
2019-10-01,2019,10,germany,europe,1.26,59.71,-2.33,-23.64
2019-11-01,2019,11,germany,europe,1.29,63.21,2.3800000000000003,-3.01
2019-12-01,2019,12,germany,europe,1.4,67.31,8.53,15.7
2020-01-01,2020,1,germany,europe,1.35,63.65,-3.5700000000000003,8.0
2020-02-01,2020,2,germany,europe,1.15,55.66,-14.81,-10.85
2020-03-01,2020,3,germany,europe,0.68,32.01,-40.87,-49.63
2020-04-01,2020,4,germany,europe,0.52,26.63,-23.53,-65.10000000000001
2020-05-01,2020,5,germany,europe,0.64,30.42,23.08,-53.96
2020-06-01,2020,6,germany,europe,0.83,40.27,29.69,-35.66
2020-07-01,2020,7,germany,europe,0.92,43.24,10.84,-29.770000000000003
2020-08-01,2020,8,germany,europe,0.95,44.74,3.26,-21.49
2020-09-01,2020,9,germany,europe,0.86,41.03,-9.47,-33.33
2020-10-01,2020,10,germany,europe,0.83,40.47,-3.49,-34.13
2020-11-01,2020,11,germany,europe,0.93,43.5,12.05,-27.91
2020-12-01,2020,12,germany,europe,1.03,49.99,10.75,-26.43
2021-01-01,2021,1,germany,europe,1.13,55.27,9.71,-16.3
2021-02-01,2021,2,germany,europe,1.31,62.28,15.93,13.91
2021-03-01,2021,3,germany,europe,1.32,65.41,0.76,94.12
2021-04-01,2021,4,germany,europe,1.36,65.28,3.03,161.54
2021-05-01,2021,5,germany,europe,1.46,68.72,7.35,128.11999999999998
2021-06-01,2021,6,germany,europe,1.53,73.64,4.79,84.34
2021-07-01,2021,7,germany,europe,1.5,74.27,-1.96,63.04
2021-08-01,2021,8,germany,europe,1.46,70.64,-2.67,53.68000000000001
2021-09-01,2021,9,germany,europe,1.53,74.87,4.79,77.91
2021-10-01,2021,10,germany,europe,1.75,83.54,14.38,110.84
2021-11-01,2021,11,germany,europe,1.66,80.79,-5.140000000000001,78.49000000000001
2021-12-01,2021,12,germany,europe,1.53,74.09,-7.829999999999999,48.54
2022-01-01,2022,1,germany,europe,1.78,86.51,16.34,57.52
2022-02-01,2022,2,germany,europe,2.02,97.13,13.48,54.2
2022-03-01,2022,3,germany,europe,2.46,117.25,21.78,86.36
2022-04-01,2022,4,germany,europe,2.19,104.58,-10.98,61.03
2022-05-01,2022,5,germany,europe,2.35,112.7,7.31,60.96
2022-06-01,2022,6,germany,europe,2.41,117.51,2.55,57.52
2022-07-01,2022,7,germany,europe,2.22,105.24,-7.88,48.0
2022-08-01,2022,8,germany,europe,2.02,97.64,-9.01,38.36
2022-09-01,2022,9,germany,europe,1.86,90.04,-7.920000000000001,21.57
2022-10-01,2022,10,germany,europe,1.92,93.26,3.2300000000000004,9.71
2022-11-01,2022,11,germany,europe,1.85,89.23,-3.65,11.45
2022-12-01,2022,12,germany,europe,1.68,80.92,-9.19,9.8
2023-01-01,2023,1,germany,europe,1.71,84.12,1.79,-3.93
2023-02-01,2023,2,germany,europe,1.75,83.95,2.34,-13.37
2023-03-01,2023,3,germany,europe,1.64,79.25,-6.29,-33.33
2023-04-01,2023,4,germany,europe,1.76,84.45,7.32,-19.63
2023-05-01,2023,5,germany,europe,1.55,75.61,-11.93,-34.04
2023-06-01,2023,6,germany,europe,1.56,74.91,0.65,-35.27
2023-07-01,2023,7,germany,europe,1.63,80.1,4.49,-26.58
2023-08-01,2023,8,germany,europe,1.8,86.17,10.43,-10.89
2023-09-01,2023,9,germany,europe,1.96,93.27,8.89,5.38
2023-10-01,2023,10,germany,europe,1.87,90.82,-4.590000000000001,-2.6
2023-11-01,2023,11,germany,europe,1.71,82.57,-8.559999999999999,-7.57
2023-12-01,2023,12,germany,europe,1.61,77.04,-5.8500000000000005,-4.17
2024-01-01,2024,1,germany,europe,1.63,79.04,1.24,-4.68
2024-02-01,2024,2,germany,europe,1.7,81.76,4.29,-2.86
2024-03-01,2024,3,germany,europe,1.8,85.42,5.88,9.76
2024-04-01,2024,4,germany,europe,1.86,89.01,3.3300000000000005,5.680000000000001
2024-05-01,2024,5,germany,europe,1.71,82.26,-8.06,10.32
2024-06-01,2024,6,germany,europe,1.69,81.3,-1.17,8.33
2024-07-01,2024,7,germany,europe,1.73,84.66,2.37,6.13
2024-08-01,2024,8,germany,europe,1.63,79.27,-5.779999999999999,-9.44
2024-09-01,2024,9,germany,europe,1.53,73.16,-6.13,-21.94
2024-10-01,2024,10,germany,europe,1.52,74.5,-0.65,-18.72
2024-11-01,2024,11,germany,europe,1.49,72.85,-1.97,-12.87
2024-12-01,2024,12,germany,europe,1.55,73.68,4.03,-3.73
2025-01-01,2025,1,germany,europe,1.62,76.88,4.52,-0.61
2025-02-01,2025,2,germany,europe,1.58,74.45,-2.47,-7.06
2025-03-01,2025,3,germany,europe,1.53,72.1,-3.16,-15.0
2025-04-01,2025,4,germany,europe,1.44,68.3,-5.88,-22.58
2025-05-01,2025,5,germany,europe,1.32,65.4,-8.33,-22.81
2025-06-01,2025,6,germany,europe,1.31,63.2,-0.76,-22.49
2025-07-01,2025,7,germany,europe,1.3,61.5,-0.76,-24.86
2025-08-01,2025,8,germany,europe,1.24,60.1,-4.62,-23.93
2025-09-01,2025,9,germany,europe,1.17,58.8,-5.65,-23.53
2025-10-01,2025,10,germany,europe,1.19,57.5,1.71,-21.71
2025-11-01,2025,11,germany,europe,1.17,56.2,-1.68,-21.48
2025-12-01,2025,12,germany,europe,1.13,55.0,-3.42,-27.1
2026-01-01,2026,1,germany,europe,1.22,58.5,7.960000000000001,-24.69
2026-02-01,2026,2,germany,europe,1.29,62.4,5.74,-18.35
2026-03-01,2026,3,germany,europe,1.91,92.4,48.06,24.84
2015-01-01,2015,1,india,south asia,0.6,47.76,,
2015-02-01,2015,2,india,south asia,0.73,58.1,21.67,
2015-03-01,2015,3,india,south asia,0.7,55.89,-4.109999999999999,
2015-04-01,2015,4,india,south asia,0.79,59.49,12.86,
2015-05-01,2015,5,india,south asia,0.82,64.14,3.8,
2015-06-01,2015,6,india,south asia,0.77,61.48,-6.1,
2015-07-01,2015,7,india,south asia,0.71,56.56,-7.79,
2015-08-01,2015,8,india,south asia,0.62,46.52,-12.68,
2015-09-01,2015,9,india,south asia,0.61,47.61,-1.61,
2015-10-01,2015,10,india,south asia,0.63,48.43,3.28,
2015-11-01,2015,11,india,south asia,0.55,44.3,-12.7,
2015-12-01,2015,12,india,south asia,0.48,38.01,-12.73,
2016-01-01,2016,1,india,south asia,0.37,30.7,-22.92,-38.33
2016-02-01,2016,2,india,south asia,0.41,32.18,10.81,-43.84
2016-03-01,2016,3,india,south asia,0.51,38.21,24.39,-27.14
2016-04-01,2016,4,india,south asia,0.53,41.58,3.92,-32.910000000000004
2016-05-01,2016,5,india,south asia,0.61,46.74,15.09,-25.61
2016-06-01,2016,6,india,south asia,0.59,48.25,-3.28,-23.380000000000003
2016-07-01,2016,7,india,south asia,0.55,44.95,-6.78,-22.54
2016-08-01,2016,8,india,south asia,0.6,45.84,9.09,-3.2300000000000004
2016-09-01,2016,9,india,south asia,0.6,46.57,0.0,-1.64
2016-10-01,2016,10,india,south asia,0.65,49.52,8.33,3.17
2016-11-01,2016,11,india,south asia,0.54,45.27,-16.919999999999998,-1.82
2016-12-01,2016,12,india,south asia,0.68,53.28,25.93,41.67
2017-01-01,2017,1,india,south asia,0.69,54.58,1.47,86.49
2017-02-01,2017,2,india,south asia,0.72,55.42,4.35,75.61
2017-03-01,2017,3,india,south asia,0.65,51.59,-9.72,27.450000000000003
2017-04-01,2017,4,india,south asia,0.64,52.43,-1.54,20.75
2017-05-01,2017,5,india,south asia,0.65,50.31,1.5599999999999998,6.5600000000000005
2017-06-01,2017,6,india,south asia,0.58,46.46,-10.77,-1.69
2017-07-01,2017,7,india,south asia,0.6,48.48,3.45,9.09
2017-08-01,2017,8,india,south asia,0.68,51.58,13.33,13.33
2017-09-01,2017,9,india,south asia,0.71,55.42,4.41,18.33
2017-10-01,2017,10,india,south asia,0.71,57.37,0.0,9.23
2017-11-01,2017,11,india,south asia,0.8,62.66,12.68,48.15
2017-12-01,2017,12,india,south asia,0.84,64.37,5.0,23.53
2018-01-01,2018,1,india,south asia,0.91,69.08,8.33,31.879999999999995
2018-02-01,2018,2,india,south asia,0.84,65.73,-7.689999999999999,16.669999999999998
2018-03-01,2018,3,india,south asia,0.82,66.02,-2.3800000000000003,26.15
2018-04-01,2018,4,india,south asia,0.92,72.11,12.2,43.75
2018-05-01,2018,5,india,south asia,0.96,76.98,4.35,47.69
2018-06-01,2018,6,india,south asia,0.92,74.41,-4.17,58.620000000000005
2018-07-01,2018,7,india,south asia,0.98,74.25,6.52,63.33
2018-08-01,2018,8,india,south asia,0.88,72.53,-10.2,29.41
2018-09-01,2018,9,india,south asia,1.0,78.89,13.64,40.85
2018-10-01,2018,10,india,south asia,1.05,81.03,5.0,47.89
2018-11-01,2018,11,india,south asia,0.82,64.75,-21.9,2.5
2018-12-01,2018,12,india,south asia,0.68,57.36,-17.07,-19.05
2019-01-01,2019,1,india,south asia,0.73,59.41,7.35,-19.78
2019-02-01,2019,2,india,south asia,0.84,63.83,15.07,0.0
2019-03-01,2019,3,india,south asia,0.88,66.14,4.760000000000001,7.32
2019-04-01,2019,4,india,south asia,0.9,71.23,2.27,-2.17
2019-05-01,2019,5,india,south asia,0.88,68.32,-2.22,-8.33
2019-06-01,2019,6,india,south asia,0.76,62.92,-13.64,-17.39
2019-07-01,2019,7,india,south asia,0.79,63.86,3.95,-19.39
2019-08-01,2019,8,india,south asia,0.74,59.04,-6.329999999999999,-15.909999999999998
2019-09-01,2019,9,india,south asia,0.84,62.83,13.51,-16.0
2019-10-01,2019,10,india,south asia,0.79,59.71,-5.949999999999999,-24.76
2019-11-01,2019,11,india,south asia,0.79,63.21,0.0,-3.66
2019-12-01,2019,12,india,south asia,0.84,67.31,6.329999999999999,23.53
2020-01-01,2020,1,india,south asia,0.79,63.65,-5.949999999999999,8.219999999999999
2020-02-01,2020,2,india,south asia,0.7,55.66,-11.39,-16.669999999999998
2020-03-01,2020,3,india,south asia,0.41,32.01,-41.43,-53.41
2020-04-01,2020,4,india,south asia,0.37,26.63,-9.76,-58.89
2020-05-01,2020,5,india,south asia,0.42,30.42,13.51,-52.27
2020-06-01,2020,6,india,south asia,0.53,40.27,26.19,-30.26
2020-07-01,2020,7,india,south asia,0.54,43.24,1.89,-31.65
2020-08-01,2020,8,india,south asia,0.53,44.74,-1.85,-28.38
2020-09-01,2020,9,india,south asia,0.5,41.03,-5.66,-40.48
2020-10-01,2020,10,india,south asia,0.54,40.47,8.0,-31.65
2020-11-01,2020,11,india,south asia,0.57,43.5,5.56,-27.85
2020-12-01,2020,12,india,south asia,0.63,49.99,10.53,-25.0
2021-01-01,2021,1,india,south asia,0.67,55.27,6.35,-15.19
2021-02-01,2021,2,india,south asia,0.77,62.28,14.93,10.0
2021-03-01,2021,3,india,south asia,0.8,65.41,3.9,95.12
2021-04-01,2021,4,india,south asia,0.8,65.28,0.0,116.21999999999998
2021-05-01,2021,5,india,south asia,0.87,68.72,8.75,107.14
2021-06-01,2021,6,india,south asia,0.92,73.64,5.75,73.58
2021-07-01,2021,7,india,south asia,0.91,74.27,-1.09,68.52000000000001
2021-08-01,2021,8,india,south asia,0.9,70.64,-1.1,69.81
2021-09-01,2021,9,india,south asia,0.94,74.87,4.44,88.0
2021-10-01,2021,10,india,south asia,1.05,83.54,11.7,94.44
2021-11-01,2021,11,india,south asia,1.05,80.79,0.0,84.21
2021-12-01,2021,12,india,south asia,0.92,74.09,-12.38,46.03
2022-01-01,2022,1,india,south asia,1.11,86.51,20.65,65.67
2022-02-01,2022,2,india,south asia,1.22,97.13,9.91,58.440000000000005
2022-03-01,2022,3,india,south asia,1.45,117.25,18.85,81.25
2022-04-01,2022,4,india,south asia,1.31,104.58,-9.66,63.74999999999999
2022-05-01,2022,5,india,south asia,1.42,112.7,8.4,63.22
2022-06-01,2022,6,india,south asia,1.5,117.51,5.63,63.04
2022-07-01,2022,7,india,south asia,1.33,105.24,-11.33,46.150000000000006
2022-08-01,2022,8,india,south asia,1.24,97.64,-6.77,37.78
2022-09-01,2022,9,india,south asia,1.12,90.04,-9.68,19.15
2022-10-01,2022,10,india,south asia,1.22,93.26,8.93,16.189999999999998
2022-11-01,2022,11,india,south asia,1.15,89.23,-5.74,9.52
2022-12-01,2022,12,india,south asia,1.03,80.92,-10.43,11.96
2023-01-01,2023,1,india,south asia,1.09,84.12,5.83,-1.7999999999999998
2023-02-01,2023,2,india,south asia,1.05,83.95,-3.67,-13.93
2023-03-01,2023,3,india,south asia,1.01,79.25,-3.81,-30.34
2023-04-01,2023,4,india,south asia,1.03,84.45,1.98,-21.37
2023-05-01,2023,5,india,south asia,0.98,75.61,-4.8500000000000005,-30.99
2023-06-01,2023,6,india,south asia,0.95,74.91,-3.06,-36.67
2023-07-01,2023,7,india,south asia,1.0,80.1,5.26,-24.81
2023-08-01,2023,8,india,south asia,1.06,86.17,6.0,-14.52
2023-09-01,2023,9,india,south asia,1.17,93.27,10.38,4.46
2023-10-01,2023,10,india,south asia,1.16,90.82,-0.8500000000000001,-4.92
2023-11-01,2023,11,india,south asia,0.99,82.57,-14.66,-13.91
2023-12-01,2023,12,india,south asia,0.99,77.04,0.0,-3.88
2024-01-01,2024,1,india,south asia,0.99,79.04,0.0,-9.17
2024-02-01,2024,2,india,south asia,1.03,81.76,4.04,-1.9
2024-03-01,2024,3,india,south asia,1.02,85.42,-0.97,0.99
2024-04-01,2024,4,india,south asia,1.13,89.01,10.78,9.71
2024-05-01,2024,5,india,south asia,1.07,82.26,-5.3100000000000005,9.18
2024-06-01,2024,6,india,south asia,1.04,81.3,-2.8000000000000003,9.47
2024-07-01,2024,7,india,south asia,1.1,84.66,5.7700000000000005,10.0
2024-08-01,2024,8,india,south asia,0.96,79.27,-12.73,-9.43
2024-09-01,2024,9,india,south asia,0.97,73.16,1.04,-17.09
2024-10-01,2024,10,india,south asia,0.95,74.5,-2.06,-18.1
2024-11-01,2024,11,india,south asia,0.95,72.85,0.0,-4.04
2024-12-01,2024,12,india,south asia,0.91,73.68,-4.21,-8.08
2025-01-01,2025,1,india,south asia,0.97,76.88,6.59,-2.02
2025-02-01,2025,2,india,south asia,0.93,74.45,-4.12,-9.71
2025-03-01,2025,3,india,south asia,0.92,72.1,-1.08,-9.8
2025-04-01,2025,4,india,south asia,0.84,68.3,-8.7,-25.66
2025-05-01,2025,5,india,south asia,0.82,65.4,-2.3800000000000003,-23.36
2025-06-01,2025,6,india,south asia,0.82,63.2,0.0,-21.15
2025-07-01,2025,7,india,south asia,0.78,61.5,-4.88,-29.09
2025-08-01,2025,8,india,south asia,0.77,60.1,-1.28,-19.79
2025-09-01,2025,9,india,south asia,0.74,58.8,-3.9,-23.71
2025-10-01,2025,10,india,south asia,0.78,57.5,5.41,-17.89
2025-11-01,2025,11,india,south asia,0.73,56.2,-6.41,-23.16
2025-12-01,2025,12,india,south asia,0.71,55.0,-2.74,-21.98
2026-01-01,2026,1,india,south asia,0.75,58.5,5.63,-22.68
2026-02-01,2026,2,india,south asia,0.81,62.4,8.0,-12.9
2026-03-01,2026,3,india,south asia,1.17,92.4,44.440000000000005,27.17
2015-01-01,2015,1,indonesia,southeast asia,0.45,47.76,,
2015-02-01,2015,2,indonesia,southeast asia,0.48,58.1,6.67,
2015-03-01,2015,3,indonesia,southeast asia,0.46,55.89,-4.17,
2015-04-01,2015,4,indonesia,southeast asia,0.52,59.49,13.04,
2015-05-01,2015,5,indonesia,southeast asia,0.55,64.14,5.7700000000000005,
2015-06-01,2015,6,indonesia,southeast asia,0.52,61.48,-5.45,
2015-07-01,2015,7,indonesia,southeast asia,0.49,56.56,-5.7700000000000005,
2015-08-01,2015,8,indonesia,southeast asia,0.4,46.52,-18.37,
2015-09-01,2015,9,indonesia,southeast asia,0.43,47.61,7.5,
2015-10-01,2015,10,indonesia,southeast asia,0.43,48.43,0.0,
2015-11-01,2015,11,indonesia,southeast asia,0.42,44.3,-2.33,
2015-12-01,2015,12,indonesia,southeast asia,0.33,38.01,-21.43,
2016-01-01,2016,1,indonesia,southeast asia,0.25,30.7,-24.24,-44.440000000000005
2016-02-01,2016,2,indonesia,southeast asia,0.26,32.18,4.0,-45.83
2016-03-01,2016,3,indonesia,southeast asia,0.31,38.21,19.23,-32.61
2016-04-01,2016,4,indonesia,southeast asia,0.4,41.58,29.03,-23.08
2016-05-01,2016,5,indonesia,southeast asia,0.42,46.74,5.0,-23.64
2016-06-01,2016,6,indonesia,southeast asia,0.42,48.25,0.0,-19.23
2016-07-01,2016,7,indonesia,southeast asia,0.4,44.95,-4.760000000000001,-18.37
2016-08-01,2016,8,indonesia,southeast asia,0.38,45.84,-5.0,-5.0
2016-09-01,2016,9,indonesia,southeast asia,0.41,46.57,7.89,-4.65
2016-10-01,2016,10,indonesia,southeast asia,0.41,49.52,0.0,-4.65
2016-11-01,2016,11,indonesia,southeast asia,0.39,45.27,-4.88,-7.140000000000001
2016-12-01,2016,12,indonesia,southeast asia,0.42,53.28,7.689999999999999,27.27
2017-01-01,2017,1,indonesia,southeast asia,0.46,54.58,9.52,84.0
2017-02-01,2017,2,indonesia,southeast asia,0.51,55.42,10.87,96.15
2017-03-01,2017,3,indonesia,southeast asia,0.48,51.59,-5.88,54.84
2017-04-01,2017,4,indonesia,southeast asia,0.46,52.43,-4.17,15.0
2017-05-01,2017,5,indonesia,southeast asia,0.43,50.31,-6.52,2.3800000000000003
2017-06-01,2017,6,indonesia,southeast asia,0.42,46.46,-2.33,0.0
2017-07-01,2017,7,indonesia,southeast asia,0.45,48.48,7.140000000000001,12.5
2017-08-01,2017,8,indonesia,southeast asia,0.46,51.58,2.22,21.05
2017-09-01,2017,9,indonesia,southeast asia,0.5,55.42,8.7,21.95
2017-10-01,2017,10,indonesia,southeast asia,0.48,57.37,-4.0,17.07
2017-11-01,2017,11,indonesia,southeast asia,0.51,62.66,6.25,30.77
2017-12-01,2017,12,indonesia,southeast asia,0.56,64.37,9.8,33.33
2018-01-01,2018,1,indonesia,southeast asia,0.6,69.08,7.140000000000001,30.43
2018-02-01,2018,2,indonesia,southeast asia,0.59,65.73,-1.67,15.69
2018-03-01,2018,3,indonesia,southeast asia,0.58,66.02,-1.69,20.83
2018-04-01,2018,4,indonesia,southeast asia,0.59,72.11,1.72,28.26
2018-05-01,2018,5,indonesia,southeast asia,0.65,76.98,10.17,51.16
2018-06-01,2018,6,indonesia,southeast asia,0.68,74.41,4.62,61.9
2018-07-01,2018,7,indonesia,southeast asia,0.62,74.25,-8.82,37.78
2018-08-01,2018,8,indonesia,southeast asia,0.66,72.53,6.45,43.48
2018-09-01,2018,9,indonesia,southeast asia,0.69,78.89,4.55,38.0
2018-10-01,2018,10,indonesia,southeast asia,0.7,81.03,1.4500000000000002,45.83
2018-11-01,2018,11,indonesia,southeast asia,0.57,64.75,-18.57,11.76
2018-12-01,2018,12,indonesia,southeast asia,0.51,57.36,-10.53,-8.93
2019-01-01,2019,1,indonesia,southeast asia,0.5,59.41,-1.96,-16.669999999999998
2019-02-01,2019,2,indonesia,southeast asia,0.53,63.83,6.0,-10.17
2019-03-01,2019,3,indonesia,southeast asia,0.56,66.14,5.66,-3.45
2019-04-01,2019,4,indonesia,southeast asia,0.63,71.23,12.5,6.78
2019-05-01,2019,5,indonesia,southeast asia,0.56,68.32,-11.11,-13.85
2019-06-01,2019,6,indonesia,southeast asia,0.53,62.92,-5.36,-22.06
2019-07-01,2019,7,indonesia,southeast asia,0.56,63.86,5.66,-9.68
2019-08-01,2019,8,indonesia,southeast asia,0.5,59.04,-10.71,-24.24
2019-09-01,2019,9,indonesia,southeast asia,0.5,62.83,0.0,-27.54
2019-10-01,2019,10,indonesia,southeast asia,0.52,59.71,4.0,-25.71
2019-11-01,2019,11,indonesia,southeast asia,0.54,63.21,3.85,-5.26
2019-12-01,2019,12,indonesia,southeast asia,0.58,67.31,7.41,13.73
2020-01-01,2020,1,indonesia,southeast asia,0.54,63.65,-6.9,8.0
2020-02-01,2020,2,indonesia,southeast asia,0.48,55.66,-11.11,-9.43
2020-03-01,2020,3,indonesia,southeast asia,0.26,32.01,-45.83,-53.56999999999999
2020-04-01,2020,4,indonesia,southeast asia,0.25,26.63,-3.85,-60.31999999999999
2020-05-01,2020,5,indonesia,southeast asia,0.21,30.42,-16.0,-62.5
2020-06-01,2020,6,indonesia,southeast asia,0.35,40.27,66.67,-33.96
2020-07-01,2020,7,indonesia,southeast asia,0.37,43.24,5.71,-33.93
2020-08-01,2020,8,indonesia,southeast asia,0.37,44.74,0.0,-26.0
2020-09-01,2020,9,indonesia,southeast asia,0.35,41.03,-5.41,-30.0
2020-10-01,2020,10,indonesia,southeast asia,0.36,40.47,2.86,-30.77
2020-11-01,2020,11,indonesia,southeast asia,0.35,43.5,-2.78,-35.19
2020-12-01,2020,12,indonesia,southeast asia,0.44,49.99,25.71,-24.14
2021-01-01,2021,1,indonesia,southeast asia,0.48,55.27,9.09,-11.11
2021-02-01,2021,2,indonesia,southeast asia,0.54,62.28,12.5,12.5
2021-03-01,2021,3,indonesia,southeast asia,0.57,65.41,5.56,119.23
2021-04-01,2021,4,indonesia,southeast asia,0.58,65.28,1.7500000000000002,132.0
2021-05-01,2021,5,indonesia,southeast asia,0.59,68.72,1.72,180.95
2021-06-01,2021,6,indonesia,southeast asia,0.62,73.64,5.08,77.14
2021-07-01,2021,7,indonesia,southeast asia,0.66,74.27,6.45,78.38000000000001
2021-08-01,2021,8,indonesia,southeast asia,0.61,70.64,-7.580000000000001,64.86
2021-09-01,2021,9,indonesia,southeast asia,0.65,74.87,6.5600000000000005,85.71
2021-10-01,2021,10,indonesia,southeast asia,0.73,83.54,12.31,102.78
2021-11-01,2021,11,indonesia,southeast asia,0.73,80.79,0.0,108.57
2021-12-01,2021,12,indonesia,southeast asia,0.67,74.09,-8.219999999999999,52.27
2022-01-01,2022,1,indonesia,southeast asia,0.76,86.51,13.43,58.330000000000005
2022-02-01,2022,2,indonesia,southeast asia,0.83,97.13,9.21,53.7
2022-03-01,2022,3,indonesia,southeast asia,1.02,117.25,22.89,78.95
2022-04-01,2022,4,indonesia,southeast asia,0.9,104.58,-11.76,55.17
2022-05-01,2022,5,indonesia,southeast asia,0.99,112.7,10.0,67.80000000000001
2022-06-01,2022,6,indonesia,southeast asia,1.02,117.51,3.03,64.52
2022-07-01,2022,7,indonesia,southeast asia,0.88,105.24,-13.73,33.33
2022-08-01,2022,8,indonesia,southeast asia,0.86,97.64,-2.27,40.98
2022-09-01,2022,9,indonesia,southeast asia,0.77,90.04,-10.47,18.46
2022-10-01,2022,10,indonesia,southeast asia,0.79,93.26,2.6,8.219999999999999
2022-11-01,2022,11,indonesia,southeast asia,0.74,89.23,-6.329999999999999,1.37
2022-12-01,2022,12,indonesia,southeast asia,0.71,80.92,-4.05,5.970000000000001
2023-01-01,2023,1,indonesia,southeast asia,0.72,84.12,1.41,-5.26
2023-02-01,2023,2,indonesia,southeast asia,0.72,83.95,0.0,-13.25
2023-03-01,2023,3,indonesia,southeast asia,0.72,79.25,0.0,-29.41
2023-04-01,2023,4,indonesia,southeast asia,0.77,84.45,6.94,-14.44
2023-05-01,2023,5,indonesia,southeast asia,0.67,75.61,-12.989999999999998,-32.32
2023-06-01,2023,6,indonesia,southeast asia,0.64,74.91,-4.48,-37.25
2023-07-01,2023,7,indonesia,southeast asia,0.69,80.1,7.81,-21.59
2023-08-01,2023,8,indonesia,southeast asia,0.72,86.17,4.35,-16.28
2023-09-01,2023,9,indonesia,southeast asia,0.82,93.27,13.89,6.49
2023-10-01,2023,10,indonesia,southeast asia,0.79,90.82,-3.66,0.0
2023-11-01,2023,11,indonesia,southeast asia,0.69,82.57,-12.659999999999998,-6.76
2023-12-01,2023,12,indonesia,southeast asia,0.64,77.04,-7.249999999999999,-9.86
2024-01-01,2024,1,indonesia,southeast asia,0.71,79.04,10.94,-1.39
2024-02-01,2024,2,indonesia,southeast asia,0.71,81.76,0.0,-1.39
2024-03-01,2024,3,indonesia,southeast asia,0.75,85.42,5.63,4.17
2024-04-01,2024,4,indonesia,southeast asia,0.82,89.01,9.33,6.49
2024-05-01,2024,5,indonesia,southeast asia,0.72,82.26,-12.2,7.46
2024-06-01,2024,6,indonesia,southeast asia,0.73,81.3,1.39,14.06
2024-07-01,2024,7,indonesia,southeast asia,0.71,84.66,-2.74,2.9000000000000004
2024-08-01,2024,8,indonesia,southeast asia,0.67,79.27,-5.63,-6.94
2024-09-01,2024,9,indonesia,southeast asia,0.66,73.16,-1.49,-19.51
2024-10-01,2024,10,indonesia,southeast asia,0.61,74.5,-7.580000000000001,-22.78
2024-11-01,2024,11,indonesia,southeast asia,0.61,72.85,0.0,-11.59
2024-12-01,2024,12,indonesia,southeast asia,0.64,73.68,4.92,0.0
2025-01-01,2025,1,indonesia,southeast asia,0.65,76.88,1.5599999999999998,-8.450000000000001
2025-02-01,2025,2,indonesia,southeast asia,0.63,74.45,-3.08,-11.27
2025-03-01,2025,3,indonesia,southeast asia,0.63,72.1,0.0,-16.0
2025-04-01,2025,4,indonesia,southeast asia,0.63,68.3,0.0,-23.17
2025-05-01,2025,5,indonesia,southeast asia,0.57,65.4,-9.52,-20.83
2025-06-01,2025,6,indonesia,southeast asia,0.58,63.2,1.7500000000000002,-20.55
2025-07-01,2025,7,indonesia,southeast asia,0.53,61.5,-8.62,-25.35
2025-08-01,2025,8,indonesia,southeast asia,0.57,60.1,7.55,-14.93
2025-09-01,2025,9,indonesia,southeast asia,0.47,58.8,-17.54,-28.79
2025-10-01,2025,10,indonesia,southeast asia,0.52,57.5,10.64,-14.75
2025-11-01,2025,11,indonesia,southeast asia,0.49,56.2,-5.7700000000000005,-19.67
2025-12-01,2025,12,indonesia,southeast asia,0.46,55.0,-6.12,-28.12
2026-01-01,2026,1,indonesia,southeast asia,0.49,58.5,6.52,-24.62
2026-02-01,2026,2,indonesia,southeast asia,0.53,62.4,8.16,-15.87
2026-03-01,2026,3,indonesia,southeast asia,0.75,92.4,41.510000000000005,19.05
2015-01-01,2015,1,japan,east asia,0.86,47.76,,
2015-02-01,2015,2,japan,east asia,0.97,58.1,12.79,
2015-03-01,2015,3,japan,east asia,0.94,55.89,-3.09,
2015-04-01,2015,4,japan,east asia,1.01,59.49,7.449999999999999,
2015-05-01,2015,5,japan,east asia,1.11,64.14,9.9,
2015-06-01,2015,6,japan,east asia,1.08,61.48,-2.7,
2015-07-01,2015,7,japan,east asia,0.96,56.56,-11.11,
2015-08-01,2015,8,japan,east asia,0.84,46.52,-12.5,
2015-09-01,2015,9,japan,east asia,0.81,47.61,-3.5700000000000003,
2015-10-01,2015,10,japan,east asia,0.83,48.43,2.47,
2015-11-01,2015,11,japan,east asia,0.75,44.3,-9.64,
2015-12-01,2015,12,japan,east asia,0.71,38.01,-5.33,
2016-01-01,2016,1,japan,east asia,0.5,30.7,-29.58,-41.86
2016-02-01,2016,2,japan,east asia,0.57,32.18,14.000000000000002,-41.24
2016-03-01,2016,3,japan,east asia,0.67,38.21,17.54,-28.72
2016-04-01,2016,4,japan,east asia,0.73,41.58,8.959999999999999,-27.72
2016-05-01,2016,5,japan,east asia,0.79,46.74,8.219999999999999,-28.83
2016-06-01,2016,6,japan,east asia,0.84,48.25,6.329999999999999,-22.22
2016-07-01,2016,7,japan,east asia,0.79,44.95,-5.949999999999999,-17.71
2016-08-01,2016,8,japan,east asia,0.77,45.84,-2.53,-8.33
2016-09-01,2016,9,japan,east asia,0.83,46.57,7.79,2.47
2016-10-01,2016,10,japan,east asia,0.87,49.52,4.82,4.82
2016-11-01,2016,11,japan,east asia,0.75,45.27,-13.79,0.0
2016-12-01,2016,12,japan,east asia,0.91,53.28,21.33,28.17
2017-01-01,2017,1,japan,east asia,0.96,54.58,5.489999999999999,92.0
2017-02-01,2017,2,japan,east asia,0.98,55.42,2.08,71.93
2017-03-01,2017,3,japan,east asia,0.87,51.59,-11.22,29.85
2017-04-01,2017,4,japan,east asia,0.91,52.43,4.6,24.66
2017-05-01,2017,5,japan,east asia,0.85,50.31,-6.59,7.59
2017-06-01,2017,6,japan,east asia,0.82,46.46,-3.53,-2.3800000000000003
2017-07-01,2017,7,japan,east asia,0.85,48.48,3.66,7.59
2017-08-01,2017,8,japan,east asia,0.91,51.58,7.06,18.18
2017-09-01,2017,9,japan,east asia,1.0,55.42,9.89,20.48
2017-10-01,2017,10,japan,east asia,0.98,57.37,-2.0,12.64
2017-11-01,2017,11,japan,east asia,1.08,62.66,10.2,44.0
2017-12-01,2017,12,japan,east asia,1.11,64.37,2.78,21.98
2018-01-01,2018,1,japan,east asia,1.21,69.08,9.01,26.040000000000003
2018-02-01,2018,2,japan,east asia,1.16,65.73,-4.130000000000001,18.37
2018-03-01,2018,3,japan,east asia,1.13,66.02,-2.59,29.89
2018-04-01,2018,4,japan,east asia,1.29,72.11,14.16,41.760000000000005
2018-05-01,2018,5,japan,east asia,1.34,76.98,3.88,57.65
2018-06-01,2018,6,japan,east asia,1.32,74.41,-1.49,60.98
2018-07-01,2018,7,japan,east asia,1.31,74.25,-0.76,54.120000000000005
2018-08-01,2018,8,japan,east asia,1.27,72.53,-3.05,39.56
2018-09-01,2018,9,japan,east asia,1.37,78.89,7.870000000000001,37.0
2018-10-01,2018,10,japan,east asia,1.41,81.03,2.92,43.88
2018-11-01,2018,11,japan,east asia,1.13,64.75,-19.86,4.63
2018-12-01,2018,12,japan,east asia,1.02,57.36,-9.73,-8.110000000000001
2019-01-01,2019,1,japan,east asia,1.03,59.41,0.98,-14.88
2019-02-01,2019,2,japan,east asia,1.09,63.83,5.83,-6.03
2019-03-01,2019,3,japan,east asia,1.16,66.14,6.419999999999999,2.65
2019-04-01,2019,4,japan,east asia,1.22,71.23,5.17,-5.43
2019-05-01,2019,5,japan,east asia,1.2,68.32,-1.64,-10.45
2019-06-01,2019,6,japan,east asia,1.07,62.92,-10.83,-18.94
2019-07-01,2019,7,japan,east asia,1.14,63.86,6.54,-12.98
2019-08-01,2019,8,japan,east asia,1.03,59.04,-9.65,-18.9
2019-09-01,2019,9,japan,east asia,1.08,62.83,4.8500000000000005,-21.17
2019-10-01,2019,10,japan,east asia,1.03,59.71,-4.63,-26.950000000000003
2019-11-01,2019,11,japan,east asia,1.14,63.21,10.68,0.88
2019-12-01,2019,12,japan,east asia,1.17,67.31,2.63,14.71
2020-01-01,2020,1,japan,east asia,1.13,63.65,-3.42,9.71
2020-02-01,2020,2,japan,east asia,0.94,55.66,-16.81,-13.76
2020-03-01,2020,3,japan,east asia,0.58,32.01,-38.3,-50.0
2020-04-01,2020,4,japan,east asia,0.45,26.63,-22.41,-63.11
2020-05-01,2020,5,japan,east asia,0.5,30.42,11.11,-58.330000000000005
2020-06-01,2020,6,japan,east asia,0.68,40.27,36.0,-36.45
2020-07-01,2020,7,japan,east asia,0.74,43.24,8.82,-35.09
2020-08-01,2020,8,japan,east asia,0.77,44.74,4.05,-25.24
2020-09-01,2020,9,japan,east asia,0.72,41.03,-6.49,-33.33
2020-10-01,2020,10,japan,east asia,0.71,40.47,-1.39,-31.07
2020-11-01,2020,11,japan,east asia,0.73,43.5,2.82,-35.96
2020-12-01,2020,12,japan,east asia,0.87,49.99,19.18,-25.64
2021-01-01,2021,1,japan,east asia,0.97,55.27,11.49,-14.16
2021-02-01,2021,2,japan,east asia,1.05,62.28,8.25,11.7
2021-03-01,2021,3,japan,east asia,1.13,65.41,7.62,94.83
2021-04-01,2021,4,japan,east asia,1.15,65.28,1.77,155.56
2021-05-01,2021,5,japan,east asia,1.19,68.72,3.4799999999999995,138.0
2021-06-01,2021,6,japan,east asia,1.3,73.64,9.24,91.18
2021-07-01,2021,7,japan,east asia,1.3,74.27,0.0,75.68
2021-08-01,2021,8,japan,east asia,1.2,70.64,-7.689999999999999,55.84
2021-09-01,2021,9,japan,east asia,1.29,74.87,7.5,79.17
2021-10-01,2021,10,japan,east asia,1.45,83.54,12.4,104.23
2021-11-01,2021,11,japan,east asia,1.39,80.79,-4.14,90.41
2021-12-01,2021,12,japan,east asia,1.27,74.09,-8.63,45.98
2022-01-01,2022,1,japan,east asia,1.51,86.51,18.9,55.67
2022-02-01,2022,2,japan,east asia,1.71,97.13,13.25,62.86000000000001
2022-03-01,2022,3,japan,east asia,2.07,117.25,21.05,83.19
2022-04-01,2022,4,japan,east asia,1.8,104.58,-13.04,56.52
2022-05-01,2022,5,japan,east asia,1.97,112.7,9.44,65.55
2022-06-01,2022,6,japan,east asia,2.06,117.51,4.569999999999999,58.46
2022-07-01,2022,7,japan,east asia,1.85,105.24,-10.19,42.31
2022-08-01,2022,8,japan,east asia,1.72,97.64,-7.03,43.33
2022-09-01,2022,9,japan,east asia,1.55,90.04,-9.88,20.16
2022-10-01,2022,10,japan,east asia,1.57,93.26,1.29,8.28
2022-11-01,2022,11,japan,east asia,1.54,89.23,-1.91,10.79
2022-12-01,2022,12,japan,east asia,1.43,80.92,-7.140000000000001,12.6
2023-01-01,2023,1,japan,east asia,1.47,84.12,2.8000000000000003,-2.65
2023-02-01,2023,2,japan,east asia,1.44,83.95,-2.04,-15.79
2023-03-01,2023,3,japan,east asia,1.37,79.25,-4.859999999999999,-33.82
2023-04-01,2023,4,japan,east asia,1.45,84.45,5.84,-19.44
2023-05-01,2023,5,japan,east asia,1.3,75.61,-10.34,-34.01
2023-06-01,2023,6,japan,east asia,1.28,74.91,-1.54,-37.86
2023-07-01,2023,7,japan,east asia,1.43,80.1,11.72,-22.7
2023-08-01,2023,8,japan,east asia,1.51,86.17,5.59,-12.21
2023-09-01,2023,9,japan,east asia,1.62,93.27,7.28,4.52
2023-10-01,2023,10,japan,east asia,1.58,90.82,-2.47,0.64
2023-11-01,2023,11,japan,east asia,1.4,82.57,-11.39,-9.09
2023-12-01,2023,12,japan,east asia,1.31,77.04,-6.43,-8.39
2024-01-01,2024,1,japan,east asia,1.41,79.04,7.630000000000001,-4.08
2024-02-01,2024,2,japan,east asia,1.42,81.76,0.7100000000000001,-1.39
2024-03-01,2024,3,japan,east asia,1.48,85.42,4.23,8.03
2024-04-01,2024,4,japan,east asia,1.55,89.01,4.73,6.9
2024-05-01,2024,5,japan,east asia,1.4,82.26,-9.68,7.689999999999999
2024-06-01,2024,6,japan,east asia,1.42,81.3,1.43,10.94
2024-07-01,2024,7,japan,east asia,1.47,84.66,3.52,2.8000000000000003
2024-08-01,2024,8,japan,east asia,1.35,79.27,-8.16,-10.6
2024-09-01,2024,9,japan,east asia,1.24,73.16,-8.15,-23.46
2024-10-01,2024,10,japan,east asia,1.29,74.5,4.03,-18.35
2024-11-01,2024,11,japan,east asia,1.23,72.85,-4.65,-12.14
2024-12-01,2024,12,japan,east asia,1.28,73.68,4.07,-2.29
2025-01-01,2025,1,japan,east asia,1.34,76.88,4.69,-4.96
2025-02-01,2025,2,japan,east asia,1.31,74.45,-2.24,-7.75
2025-03-01,2025,3,japan,east asia,1.26,72.1,-3.82,-14.86
2025-04-01,2025,4,japan,east asia,1.24,68.3,-1.59,-20.0
2025-05-01,2025,5,japan,east asia,1.11,65.4,-10.48,-20.71
2025-06-01,2025,6,japan,east asia,1.1,63.2,-0.8999999999999999,-22.54
2025-07-01,2025,7,japan,east asia,1.05,61.5,-4.55,-28.57
2025-08-01,2025,8,japan,east asia,1.04,60.1,-0.95,-22.96
2025-09-01,2025,9,japan,east asia,1.04,58.8,0.0,-16.13
2025-10-01,2025,10,japan,east asia,1.01,57.5,-2.88,-21.71
2025-11-01,2025,11,japan,east asia,0.96,56.2,-4.95,-21.95
2025-12-01,2025,12,japan,east asia,0.96,55.0,0.0,-25.0
2026-01-01,2026,1,japan,east asia,1.02,58.5,6.25,-23.880000000000003
2026-02-01,2026,2,japan,east asia,1.11,62.4,8.82,-15.27
2026-03-01,2026,3,japan,east asia,1.63,92.4,46.85,29.37
2015-01-01,2015,1,malaysia,southeast asia,0.28,47.76,,
2015-02-01,2015,2,malaysia,southeast asia,0.34,58.1,21.43,
2015-03-01,2015,3,malaysia,southeast asia,0.34,55.89,0.0,
2015-04-01,2015,4,malaysia,southeast asia,0.33,59.49,-2.94,
2015-05-01,2015,5,malaysia,southeast asia,0.37,64.14,12.12,
2015-06-01,2015,6,malaysia,southeast asia,0.39,61.48,5.41,
2015-07-01,2015,7,malaysia,southeast asia,0.37,56.56,-5.13,
2015-08-01,2015,8,malaysia,southeast asia,0.3,46.52,-18.92,
2015-09-01,2015,9,malaysia,southeast asia,0.28,47.61,-6.67,
2015-10-01,2015,10,malaysia,southeast asia,0.26,48.43,-7.140000000000001,
2015-11-01,2015,11,malaysia,southeast asia,0.27,44.3,3.85,
2015-12-01,2015,12,malaysia,southeast asia,0.23,38.01,-14.81,
2016-01-01,2016,1,malaysia,southeast asia,0.23,30.7,0.0,-17.86
2016-02-01,2016,2,malaysia,southeast asia,0.22,32.18,-4.35,-35.29
2016-03-01,2016,3,malaysia,southeast asia,0.24,38.21,9.09,-29.41
2016-04-01,2016,4,malaysia,southeast asia,0.24,41.58,0.0,-27.27
2016-05-01,2016,5,malaysia,southeast asia,0.29,46.74,20.83,-21.62
2016-06-01,2016,6,malaysia,southeast asia,0.31,48.25,6.9,-20.51
2016-07-01,2016,7,malaysia,southeast asia,0.28,44.95,-9.68,-24.32
2016-08-01,2016,8,malaysia,southeast asia,0.28,45.84,0.0,-6.67
2016-09-01,2016,9,malaysia,southeast asia,0.26,46.57,-7.140000000000001,-7.140000000000001
2016-10-01,2016,10,malaysia,southeast asia,0.31,49.52,19.23,19.23
2016-11-01,2016,11,malaysia,southeast asia,0.29,45.27,-6.45,7.41
2016-12-01,2016,12,malaysia,southeast asia,0.33,53.28,13.79,43.48
2017-01-01,2017,1,malaysia,southeast asia,0.32,54.58,-3.03,39.13
2017-02-01,2017,2,malaysia,southeast asia,0.32,55.42,0.0,45.45
2017-03-01,2017,3,malaysia,southeast asia,0.28,51.59,-12.5,16.669999999999998
2017-04-01,2017,4,malaysia,southeast asia,0.32,52.43,14.29,33.33
2017-05-01,2017,5,malaysia,southeast asia,0.26,50.31,-18.75,-10.34
2017-06-01,2017,6,malaysia,southeast asia,0.26,46.46,0.0,-16.13
2017-07-01,2017,7,malaysia,southeast asia,0.29,48.48,11.54,3.5700000000000003
2017-08-01,2017,8,malaysia,southeast asia,0.31,51.58,6.9,10.71
2017-09-01,2017,9,malaysia,southeast asia,0.31,55.42,0.0,19.23
2017-10-01,2017,10,malaysia,southeast asia,0.34,57.37,9.68,9.68
2017-11-01,2017,11,malaysia,southeast asia,0.38,62.66,11.76,31.03
2017-12-01,2017,12,malaysia,southeast asia,0.37,64.37,-2.63,12.12
2018-01-01,2018,1,malaysia,southeast asia,0.41,69.08,10.81,28.12
2018-02-01,2018,2,malaysia,southeast asia,0.38,65.73,-7.32,18.75
2018-03-01,2018,3,malaysia,southeast asia,0.4,66.02,5.26,42.86
2018-04-01,2018,4,malaysia,southeast asia,0.42,72.11,5.0,31.25
2018-05-01,2018,5,malaysia,southeast asia,0.47,76.98,11.9,80.77
2018-06-01,2018,6,malaysia,southeast asia,0.43,74.41,-8.51,65.38000000000001
2018-07-01,2018,7,malaysia,southeast asia,0.47,74.25,9.3,62.07
2018-08-01,2018,8,malaysia,southeast asia,0.44,72.53,-6.38,41.94
2018-09-01,2018,9,malaysia,southeast asia,0.49,78.89,11.36,58.06
2018-10-01,2018,10,malaysia,southeast asia,0.47,81.03,-4.08,38.24
2018-11-01,2018,11,malaysia,southeast asia,0.38,64.75,-19.15,0.0
2018-12-01,2018,12,malaysia,southeast asia,0.34,57.36,-10.53,-8.110000000000001
2019-01-01,2019,1,malaysia,southeast asia,0.33,59.41,-2.94,-19.51
2019-02-01,2019,2,malaysia,southeast asia,0.39,63.83,18.18,2.63
2019-03-01,2019,3,malaysia,southeast asia,0.39,66.14,0.0,-2.5
2019-04-01,2019,4,malaysia,southeast asia,0.44,71.23,12.82,4.760000000000001
2019-05-01,2019,5,malaysia,southeast asia,0.37,68.32,-15.909999999999998,-21.28
2019-06-01,2019,6,malaysia,southeast asia,0.38,62.92,2.7,-11.63
2019-07-01,2019,7,malaysia,southeast asia,0.37,63.86,-2.63,-21.28
2019-08-01,2019,8,malaysia,southeast asia,0.35,59.04,-5.41,-20.45
2019-09-01,2019,9,malaysia,southeast asia,0.37,62.83,5.71,-24.49
2019-10-01,2019,10,malaysia,southeast asia,0.31,59.71,-16.220000000000002,-34.04
2019-11-01,2019,11,malaysia,southeast asia,0.38,63.21,22.58,0.0
2019-12-01,2019,12,malaysia,southeast asia,0.39,67.31,2.63,14.71
2020-01-01,2020,1,malaysia,southeast asia,0.42,63.65,7.689999999999999,27.27
2020-02-01,2020,2,malaysia,southeast asia,0.34,55.66,-19.05,-12.82
2020-03-01,2020,3,malaysia,southeast asia,0.18,32.01,-47.06,-53.85
2020-04-01,2020,4,malaysia,southeast asia,0.13,26.63,-27.78,-70.45
2020-05-01,2020,5,malaysia,southeast asia,0.18,30.42,38.46,-51.35
2020-06-01,2020,6,malaysia,southeast asia,0.24,40.27,33.33,-36.84
2020-07-01,2020,7,malaysia,southeast asia,0.26,43.24,8.33,-29.73
2020-08-01,2020,8,malaysia,southeast asia,0.25,44.74,-3.85,-28.57
2020-09-01,2020,9,malaysia,southeast asia,0.26,41.03,4.0,-29.73
2020-10-01,2020,10,malaysia,southeast asia,0.24,40.47,-7.689999999999999,-22.58
2020-11-01,2020,11,malaysia,southeast asia,0.27,43.5,12.5,-28.95
2020-12-01,2020,12,malaysia,southeast asia,0.32,49.99,18.52,-17.95
2021-01-01,2021,1,malaysia,southeast asia,0.33,55.27,3.12,-21.43
2021-02-01,2021,2,malaysia,southeast asia,0.38,62.28,15.15,11.76
2021-03-01,2021,3,malaysia,southeast asia,0.38,65.41,0.0,111.11
2021-04-01,2021,4,malaysia,southeast asia,0.44,65.28,15.79,238.46
2021-05-01,2021,5,malaysia,southeast asia,0.4,68.72,-9.09,122.22
2021-06-01,2021,6,malaysia,southeast asia,0.41,73.64,2.5,70.83
2021-07-01,2021,7,malaysia,southeast asia,0.47,74.27,14.63,80.77
2021-08-01,2021,8,malaysia,southeast asia,0.44,70.64,-6.38,76.0
2021-09-01,2021,9,malaysia,southeast asia,0.44,74.87,0.0,69.23
2021-10-01,2021,10,malaysia,southeast asia,0.47,83.54,6.819999999999999,95.83
2021-11-01,2021,11,malaysia,southeast asia,0.51,80.79,8.51,88.89
2021-12-01,2021,12,malaysia,southeast asia,0.45,74.09,-11.76,40.62
2022-01-01,2022,1,malaysia,southeast asia,0.53,86.51,17.78,60.61
2022-02-01,2022,2,malaysia,southeast asia,0.57,97.13,7.55,50.0
2022-03-01,2022,3,malaysia,southeast asia,0.7,117.25,22.81,84.21
2022-04-01,2022,4,malaysia,southeast asia,0.66,104.58,-5.71,50.0
2022-05-01,2022,5,malaysia,southeast asia,0.71,112.7,7.580000000000001,77.5
2022-06-01,2022,6,malaysia,southeast asia,0.72,117.51,1.41,75.61
2022-07-01,2022,7,malaysia,southeast asia,0.63,105.24,-12.5,34.04
2022-08-01,2022,8,malaysia,southeast asia,0.59,97.64,-6.35,34.09
2022-09-01,2022,9,malaysia,southeast asia,0.51,90.04,-13.56,15.909999999999998
2022-10-01,2022,10,malaysia,southeast asia,0.55,93.26,7.84,17.02
2022-11-01,2022,11,malaysia,southeast asia,0.51,89.23,-7.27,0.0
2022-12-01,2022,12,malaysia,southeast asia,0.51,80.92,0.0,13.33
2023-01-01,2023,1,malaysia,southeast asia,0.53,84.12,3.92,0.0
2023-02-01,2023,2,malaysia,southeast asia,0.47,83.95,-11.32,-17.54
2023-03-01,2023,3,malaysia,southeast asia,0.45,79.25,-4.26,-35.709999999999994
2023-04-01,2023,4,malaysia,southeast asia,0.5,84.45,11.11,-24.24
2023-05-01,2023,5,malaysia,southeast asia,0.46,75.61,-8.0,-35.21
2023-06-01,2023,6,malaysia,southeast asia,0.45,74.91,-2.17,-37.5
2023-07-01,2023,7,malaysia,southeast asia,0.49,80.1,8.89,-22.22
2023-08-01,2023,8,malaysia,southeast asia,0.55,86.17,12.24,-6.78
2023-09-01,2023,9,malaysia,southeast asia,0.58,93.27,5.45,13.73
2023-10-01,2023,10,malaysia,southeast asia,0.53,90.82,-8.62,-3.64
2023-11-01,2023,11,malaysia,southeast asia,0.47,82.57,-11.32,-7.84
2023-12-01,2023,12,malaysia,southeast asia,0.45,77.04,-4.26,-11.76
2024-01-01,2024,1,malaysia,southeast asia,0.48,79.04,6.67,-9.43
2024-02-01,2024,2,malaysia,southeast asia,0.49,81.76,2.08,4.26
2024-03-01,2024,3,malaysia,southeast asia,0.49,85.42,0.0,8.89
2024-04-01,2024,4,malaysia,southeast asia,0.54,89.01,10.2,8.0
2024-05-01,2024,5,malaysia,southeast asia,0.47,82.26,-12.96,2.17
2024-06-01,2024,6,malaysia,southeast asia,0.51,81.3,8.51,13.33
2024-07-01,2024,7,malaysia,southeast asia,0.51,84.66,0.0,4.08
2024-08-01,2024,8,malaysia,southeast asia,0.5,79.27,-1.96,-9.09
2024-09-01,2024,9,malaysia,southeast asia,0.49,73.16,-2.0,-15.52
2024-10-01,2024,10,malaysia,southeast asia,0.44,74.5,-10.2,-16.98
2024-11-01,2024,11,malaysia,southeast asia,0.46,72.85,4.55,-2.13
2024-12-01,2024,12,malaysia,southeast asia,0.45,73.68,-2.17,0.0
2025-01-01,2025,1,malaysia,southeast asia,0.46,76.88,2.22,-4.17
2025-02-01,2025,2,malaysia,southeast asia,0.47,74.45,2.17,-4.08
2025-03-01,2025,3,malaysia,southeast asia,0.43,72.1,-8.51,-12.24
2025-04-01,2025,4,malaysia,southeast asia,0.44,68.3,2.33,-18.52
2025-05-01,2025,5,malaysia,southeast asia,0.37,65.4,-15.909999999999998,-21.28
2025-06-01,2025,6,malaysia,southeast asia,0.36,63.2,-2.7,-29.41
2025-07-01,2025,7,malaysia,southeast asia,0.34,61.5,-5.56,-33.33
2025-08-01,2025,8,malaysia,southeast asia,0.36,60.1,5.88,-28.000000000000004
2025-09-01,2025,9,malaysia,southeast asia,0.33,58.8,-8.33,-32.65
2025-10-01,2025,10,malaysia,southeast asia,0.34,57.5,3.03,-22.73
2025-11-01,2025,11,malaysia,southeast asia,0.32,56.2,-5.88,-30.43
2025-12-01,2025,12,malaysia,southeast asia,0.3,55.0,-6.25,-33.33
2026-01-01,2026,1,malaysia,southeast asia,0.31,58.5,3.3300000000000005,-32.61
2026-02-01,2026,2,malaysia,southeast asia,0.37,62.4,19.35,-21.28
2026-03-01,2026,3,malaysia,southeast asia,0.52,92.4,40.54,20.93
2015-01-01,2015,1,pakistan,south asia,0.36,47.76,,
2015-02-01,2015,2,pakistan,south asia,0.42,58.1,16.669999999999998,
2015-03-01,2015,3,pakistan,south asia,0.44,55.89,4.760000000000001,
2015-04-01,2015,4,pakistan,south asia,0.42,59.49,-4.55,
2015-05-01,2015,5,pakistan,south asia,0.49,64.14,16.669999999999998,
2015-06-01,2015,6,pakistan,south asia,0.46,61.48,-6.12,
2015-07-01,2015,7,pakistan,south asia,0.41,56.56,-10.87,
2015-08-01,2015,8,pakistan,south asia,0.35,46.52,-14.63,
2015-09-01,2015,9,pakistan,south asia,0.34,47.61,-2.86,
2015-10-01,2015,10,pakistan,south asia,0.36,48.43,5.88,
2015-11-01,2015,11,pakistan,south asia,0.3,44.3,-16.669999999999998,
2015-12-01,2015,12,pakistan,south asia,0.24,38.01,-20.0,
2016-01-01,2016,1,pakistan,south asia,0.24,30.7,0.0,-33.33
2016-02-01,2016,2,pakistan,south asia,0.2,32.18,-16.669999999999998,-52.38
2016-03-01,2016,3,pakistan,south asia,0.28,38.21,40.0,-36.36
2016-04-01,2016,4,pakistan,south asia,0.31,41.58,10.71,-26.19
2016-05-01,2016,5,pakistan,south asia,0.32,46.74,3.2300000000000004,-34.69
2016-06-01,2016,6,pakistan,south asia,0.34,48.25,6.25,-26.090000000000003
2016-07-01,2016,7,pakistan,south asia,0.34,44.95,0.0,-17.07
2016-08-01,2016,8,pakistan,south asia,0.33,45.84,-2.94,-5.71
2016-09-01,2016,9,pakistan,south asia,0.35,46.57,6.0600000000000005,2.94
2016-10-01,2016,10,pakistan,south asia,0.37,49.52,5.71,2.78
2016-11-01,2016,11,pakistan,south asia,0.38,45.27,2.7,26.67
2016-12-01,2016,12,pakistan,south asia,0.38,53.28,0.0,58.330000000000005
2017-01-01,2017,1,pakistan,south asia,0.38,54.58,0.0,58.330000000000005
2017-02-01,2017,2,pakistan,south asia,0.38,55.42,0.0,90.0
2017-03-01,2017,3,pakistan,south asia,0.36,51.59,-5.26,28.57
2017-04-01,2017,4,pakistan,south asia,0.41,52.43,13.89,32.26
2017-05-01,2017,5,pakistan,south asia,0.37,50.31,-9.76,15.62
2017-06-01,2017,6,pakistan,south asia,0.34,46.46,-8.110000000000001,0.0
2017-07-01,2017,7,pakistan,south asia,0.34,48.48,0.0,0.0
2017-08-01,2017,8,pakistan,south asia,0.37,51.58,8.82,12.12
2017-09-01,2017,9,pakistan,south asia,0.41,55.42,10.81,17.14
2017-10-01,2017,10,pakistan,south asia,0.42,57.37,2.44,13.51
2017-11-01,2017,11,pakistan,south asia,0.44,62.66,4.760000000000001,15.79
2017-12-01,2017,12,pakistan,south asia,0.48,64.37,9.09,26.32
2018-01-01,2018,1,pakistan,south asia,0.52,69.08,8.33,36.84
2018-02-01,2018,2,pakistan,south asia,0.48,65.73,-7.689999999999999,26.32
2018-03-01,2018,3,pakistan,south asia,0.47,66.02,-2.08,30.56
2018-04-01,2018,4,pakistan,south asia,0.51,72.11,8.51,24.39
2018-05-01,2018,5,pakistan,south asia,0.53,76.98,3.92,43.24
2018-06-01,2018,6,pakistan,south asia,0.56,74.41,5.66,64.71000000000001
2018-07-01,2018,7,pakistan,south asia,0.59,74.25,5.36,73.53
2018-08-01,2018,8,pakistan,south asia,0.51,72.53,-13.56,37.84
2018-09-01,2018,9,pakistan,south asia,0.59,78.89,15.69,43.9
2018-10-01,2018,10,pakistan,south asia,0.59,81.03,0.0,40.48
2018-11-01,2018,11,pakistan,south asia,0.51,64.75,-13.56,15.909999999999998
2018-12-01,2018,12,pakistan,south asia,0.42,57.36,-17.65,-12.5
2019-01-01,2019,1,pakistan,south asia,0.43,59.41,2.3800000000000003,-17.31
2019-02-01,2019,2,pakistan,south asia,0.47,63.83,9.3,-2.08
2019-03-01,2019,3,pakistan,south asia,0.5,66.14,6.38,6.38
2019-04-01,2019,4,pakistan,south asia,0.53,71.23,6.0,3.92
2019-05-01,2019,5,pakistan,south asia,0.47,68.32,-11.32,-11.32
2019-06-01,2019,6,pakistan,south asia,0.47,62.92,0.0,-16.07
2019-07-01,2019,7,pakistan,south asia,0.49,63.86,4.26,-16.950000000000003
2019-08-01,2019,8,pakistan,south asia,0.43,59.04,-12.24,-15.69
2019-09-01,2019,9,pakistan,south asia,0.47,62.83,9.3,-20.34
2019-10-01,2019,10,pakistan,south asia,0.44,59.71,-6.38,-25.42
2019-11-01,2019,11,pakistan,south asia,0.47,63.21,6.819999999999999,-7.84
2019-12-01,2019,12,pakistan,south asia,0.5,67.31,6.38,19.05
2020-01-01,2020,1,pakistan,south asia,0.48,63.65,-4.0,11.63
2020-02-01,2020,2,pakistan,south asia,0.42,55.66,-12.5,-10.64
2020-03-01,2020,3,pakistan,south asia,0.22,32.01,-47.620000000000005,-56.00000000000001
2020-04-01,2020,4,pakistan,south asia,0.16,26.63,-27.27,-69.81
2020-05-01,2020,5,pakistan,south asia,0.22,30.42,37.5,-53.190000000000005
2020-06-01,2020,6,pakistan,south asia,0.33,40.27,50.0,-29.79
2020-07-01,2020,7,pakistan,south asia,0.31,43.24,-6.0600000000000005,-36.73
2020-08-01,2020,8,pakistan,south asia,0.35,44.74,12.9,-18.6
2020-09-01,2020,9,pakistan,south asia,0.32,41.03,-8.57,-31.91
2020-10-01,2020,10,pakistan,south asia,0.29,40.47,-9.38,-34.09
2020-11-01,2020,11,pakistan,south asia,0.31,43.5,6.9,-34.04
2020-12-01,2020,12,pakistan,south asia,0.37,49.99,19.35,-26.0
2021-01-01,2021,1,pakistan,south asia,0.41,55.27,10.81,-14.580000000000002
2021-02-01,2021,2,pakistan,south asia,0.46,62.28,12.2,9.52
2021-03-01,2021,3,pakistan,south asia,0.44,65.41,-4.35,100.0
2021-04-01,2021,4,pakistan,south asia,0.46,65.28,4.55,187.5
2021-05-01,2021,5,pakistan,south asia,0.49,68.72,6.52,122.73
2021-06-01,2021,6,pakistan,south asia,0.55,73.64,12.24,66.67
2021-07-01,2021,7,pakistan,south asia,0.55,74.27,0.0,77.42
2021-08-01,2021,8,pakistan,south asia,0.53,70.64,-3.64,51.43
2021-09-01,2021,9,pakistan,south asia,0.57,74.87,7.55,78.12
2021-10-01,2021,10,pakistan,south asia,0.61,83.54,7.02,110.34
2021-11-01,2021,11,pakistan,south asia,0.58,80.79,-4.92,87.1
2021-12-01,2021,12,pakistan,south asia,0.52,74.09,-10.34,40.54
2022-01-01,2022,1,pakistan,south asia,0.63,86.51,21.15,53.66
2022-02-01,2022,2,pakistan,south asia,0.7,97.13,11.11,52.17
2022-03-01,2022,3,pakistan,south asia,0.86,117.25,22.86,95.45
2022-04-01,2022,4,pakistan,south asia,0.76,104.58,-11.63,65.22
2022-05-01,2022,5,pakistan,south asia,0.88,112.7,15.79,79.59
2022-06-01,2022,6,pakistan,south asia,0.88,117.51,0.0,60.0
2022-07-01,2022,7,pakistan,south asia,0.78,105.24,-11.36,41.82
2022-08-01,2022,8,pakistan,south asia,0.71,97.64,-8.97,33.96
2022-09-01,2022,9,pakistan,south asia,0.68,90.04,-4.23,19.3
2022-10-01,2022,10,pakistan,south asia,0.67,93.26,-1.47,9.84
2022-11-01,2022,11,pakistan,south asia,0.63,89.23,-5.970000000000001,8.62
2022-12-01,2022,12,pakistan,south asia,0.59,80.92,-6.35,13.46
2023-01-01,2023,1,pakistan,south asia,0.63,84.12,6.78,0.0
2023-02-01,2023,2,pakistan,south asia,0.62,83.95,-1.59,-11.43
2023-03-01,2023,3,pakistan,south asia,0.6,79.25,-3.2300000000000004,-30.23
2023-04-01,2023,4,pakistan,south asia,0.62,84.45,3.3300000000000005,-18.42
2023-05-01,2023,5,pakistan,south asia,0.58,75.61,-6.45,-34.09
2023-06-01,2023,6,pakistan,south asia,0.58,74.91,0.0,-34.09
2023-07-01,2023,7,pakistan,south asia,0.6,80.1,3.45,-23.08
2023-08-01,2023,8,pakistan,south asia,0.63,86.17,5.0,-11.27
2023-09-01,2023,9,pakistan,south asia,0.72,93.27,14.29,5.88
2023-10-01,2023,10,pakistan,south asia,0.65,90.82,-9.72,-2.99
2023-11-01,2023,11,pakistan,south asia,0.62,82.57,-4.62,-1.59
2023-12-01,2023,12,pakistan,south asia,0.56,77.04,-9.68,-5.08
2024-01-01,2024,1,pakistan,south asia,0.57,79.04,1.79,-9.52
2024-02-01,2024,2,pakistan,south asia,0.6,81.76,5.26,-3.2300000000000004
2024-03-01,2024,3,pakistan,south asia,0.65,85.42,8.33,8.33
2024-04-01,2024,4,pakistan,south asia,0.65,89.01,0.0,4.84
2024-05-01,2024,5,pakistan,south asia,0.63,82.26,-3.08,8.62
2024-06-01,2024,6,pakistan,south asia,0.6,81.3,-4.760000000000001,3.45
2024-07-01,2024,7,pakistan,south asia,0.61,84.66,1.67,1.67
2024-08-01,2024,8,pakistan,south asia,0.56,79.27,-8.200000000000001,-11.11
2024-09-01,2024,9,pakistan,south asia,0.49,73.16,-12.5,-31.94
2024-10-01,2024,10,pakistan,south asia,0.56,74.5,14.29,-13.85
2024-11-01,2024,11,pakistan,south asia,0.54,72.85,-3.5700000000000003,-12.9
2024-12-01,2024,12,pakistan,south asia,0.54,73.68,0.0,-3.5700000000000003
2025-01-01,2025,1,pakistan,south asia,0.57,76.88,5.56,0.0
2025-02-01,2025,2,pakistan,south asia,0.52,74.45,-8.77,-13.33
2025-03-01,2025,3,pakistan,south asia,0.5,72.1,-3.85,-23.08
2025-04-01,2025,4,pakistan,south asia,0.49,68.3,-2.0,-24.62
2025-05-01,2025,5,pakistan,south asia,0.47,65.4,-4.08,-25.4
2025-06-01,2025,6,pakistan,south asia,0.47,63.2,0.0,-21.67
2025-07-01,2025,7,pakistan,south asia,0.46,61.5,-2.13,-24.59
2025-08-01,2025,8,pakistan,south asia,0.46,60.1,0.0,-17.86
2025-09-01,2025,9,pakistan,south asia,0.43,58.8,-6.52,-12.24
2025-10-01,2025,10,pakistan,south asia,0.43,57.5,0.0,-23.21
2025-11-01,2025,11,pakistan,south asia,0.4,56.2,-6.98,-25.93
2025-12-01,2025,12,pakistan,south asia,0.4,55.0,0.0,-25.93
2026-01-01,2026,1,pakistan,south asia,0.43,58.5,7.5,-24.56
2026-02-01,2026,2,pakistan,south asia,0.49,62.4,13.95,-5.7700000000000005
2026-03-01,2026,3,pakistan,south asia,0.68,92.4,38.78,36.0
2015-01-01,2015,1,saudi arabia,middle east,0.37,47.76,,
2015-02-01,2015,2,saudi arabia,middle east,0.43,58.1,16.220000000000002,
2015-03-01,2015,3,saudi arabia,middle east,0.42,55.89,-2.33,
2015-04-01,2015,4,saudi arabia,middle east,0.4,59.49,-4.760000000000001,
2015-05-01,2015,5,saudi arabia,middle east,0.49,64.14,22.5,
2015-06-01,2015,6,saudi arabia,middle east,0.44,61.48,-10.2,
2015-07-01,2015,7,saudi arabia,middle east,0.43,56.56,-2.27,
2015-08-01,2015,8,saudi arabia,middle east,0.34,46.52,-20.93,
2015-09-01,2015,9,saudi arabia,middle east,0.36,47.61,5.88,
2015-10-01,2015,10,saudi arabia,middle east,0.36,48.43,0.0,
2015-11-01,2015,11,saudi arabia,middle east,0.33,44.3,-8.33,
2015-12-01,2015,12,saudi arabia,middle east,0.26,38.01,-21.21,
2016-01-01,2016,1,saudi arabia,middle east,0.21,30.7,-19.23,-43.24
2016-02-01,2016,2,saudi arabia,middle east,0.23,32.18,9.52,-46.51
2016-03-01,2016,3,saudi arabia,middle east,0.25,38.21,8.7,-40.48
2016-04-01,2016,4,saudi arabia,middle east,0.31,41.58,24.0,-22.5
2016-05-01,2016,5,saudi arabia,middle east,0.38,46.74,22.58,-22.45
2016-06-01,2016,6,saudi arabia,middle east,0.38,48.25,0.0,-13.64
2016-07-01,2016,7,saudi arabia,middle east,0.33,44.95,-13.16,-23.26
2016-08-01,2016,8,saudi arabia,middle east,0.34,45.84,3.03,0.0
2016-09-01,2016,9,saudi arabia,middle east,0.35,46.57,2.94,-2.78
2016-10-01,2016,10,saudi arabia,middle east,0.36,49.52,2.86,0.0
2016-11-01,2016,11,saudi arabia,middle east,0.31,45.27,-13.89,-6.0600000000000005
2016-12-01,2016,12,saudi arabia,middle east,0.39,53.28,25.81,50.0
2017-01-01,2017,1,saudi arabia,middle east,0.39,54.58,0.0,85.71
2017-02-01,2017,2,saudi arabia,middle east,0.39,55.42,0.0,69.57
2017-03-01,2017,3,saudi arabia,middle east,0.35,51.59,-10.26,40.0
2017-04-01,2017,4,saudi arabia,middle east,0.37,52.43,5.71,19.35
2017-05-01,2017,5,saudi arabia,middle east,0.38,50.31,2.7,0.0
2017-06-01,2017,6,saudi arabia,middle east,0.35,46.46,-7.89,-7.89
2017-07-01,2017,7,saudi arabia,middle east,0.34,48.48,-2.86,3.03
2017-08-01,2017,8,saudi arabia,middle east,0.37,51.58,8.82,8.82
2017-09-01,2017,9,saudi arabia,middle east,0.42,55.42,13.51,20.0
2017-10-01,2017,10,saudi arabia,middle east,0.41,57.37,-2.3800000000000003,13.89
2017-11-01,2017,11,saudi arabia,middle east,0.43,62.66,4.88,38.71
2017-12-01,2017,12,saudi arabia,middle east,0.47,64.37,9.3,20.51
2018-01-01,2018,1,saudi arabia,middle east,0.51,69.08,8.51,30.77
2018-02-01,2018,2,saudi arabia,middle east,0.49,65.73,-3.92,25.64
2018-03-01,2018,3,saudi arabia,middle east,0.52,66.02,6.12,48.57
2018-04-01,2018,4,saudi arabia,middle east,0.56,72.11,7.689999999999999,51.35
2018-05-01,2018,5,saudi arabia,middle east,0.56,76.98,0.0,47.370000000000005
2018-06-01,2018,6,saudi arabia,middle east,0.55,74.41,-1.79,57.14
2018-07-01,2018,7,saudi arabia,middle east,0.56,74.25,1.82,64.71000000000001
2018-08-01,2018,8,saudi arabia,middle east,0.5,72.53,-10.71,35.14
2018-09-01,2018,9,saudi arabia,middle east,0.56,78.89,12.0,33.33
2018-10-01,2018,10,saudi arabia,middle east,0.57,81.03,1.79,39.02
2018-11-01,2018,11,saudi arabia,middle east,0.49,64.75,-14.04,13.95
2018-12-01,2018,12,saudi arabia,middle east,0.43,57.36,-12.24,-8.51
2019-01-01,2019,1,saudi arabia,middle east,0.41,59.41,-4.65,-19.61
2019-02-01,2019,2,saudi arabia,middle east,0.46,63.83,12.2,-6.12
2019-03-01,2019,3,saudi arabia,middle east,0.47,66.14,2.17,-9.62
2019-04-01,2019,4,saudi arabia,middle east,0.5,71.23,6.38,-10.71
2019-05-01,2019,5,saudi arabia,middle east,0.5,68.32,0.0,-10.71
2019-06-01,2019,6,saudi arabia,middle east,0.45,62.92,-10.0,-18.18
2019-07-01,2019,7,saudi arabia,middle east,0.46,63.86,2.22,-17.86
2019-08-01,2019,8,saudi arabia,middle east,0.42,59.04,-8.7,-16.0
2019-09-01,2019,9,saudi arabia,middle east,0.44,62.83,4.760000000000001,-21.43
2019-10-01,2019,10,saudi arabia,middle east,0.45,59.71,2.27,-21.05
2019-11-01,2019,11,saudi arabia,middle east,0.45,63.21,0.0,-8.16
2019-12-01,2019,12,saudi arabia,middle east,0.47,67.31,4.44,9.3
2020-01-01,2020,1,saudi arabia,middle east,0.44,63.65,-6.38,7.32
2020-02-01,2020,2,saudi arabia,middle east,0.42,55.66,-4.55,-8.7
2020-03-01,2020,3,saudi arabia,middle east,0.23,32.01,-45.24,-51.06
2020-04-01,2020,4,saudi arabia,middle east,0.2,26.63,-13.04,-60.0
2020-05-01,2020,5,saudi arabia,middle east,0.22,30.42,10.0,-56.00000000000001
2020-06-01,2020,6,saudi arabia,middle east,0.29,40.27,31.82,-35.56
2020-07-01,2020,7,saudi arabia,middle east,0.35,43.24,20.69,-23.91
2020-08-01,2020,8,saudi arabia,middle east,0.36,44.74,2.86,-14.29
2020-09-01,2020,9,saudi arabia,middle east,0.29,41.03,-19.44,-34.09
2020-10-01,2020,10,saudi arabia,middle east,0.27,40.47,-6.9,-40.0
2020-11-01,2020,11,saudi arabia,middle east,0.35,43.5,29.630000000000003,-22.22
2020-12-01,2020,12,saudi arabia,middle east,0.37,49.99,5.71,-21.28
2021-01-01,2021,1,saudi arabia,middle east,0.41,55.27,10.81,-6.819999999999999
2021-02-01,2021,2,saudi arabia,middle east,0.48,62.28,17.07,14.29
2021-03-01,2021,3,saudi arabia,middle east,0.46,65.41,-4.17,100.0
2021-04-01,2021,4,saudi arabia,middle east,0.48,65.28,4.35,140.0
2021-05-01,2021,5,saudi arabia,middle east,0.54,68.72,12.5,145.45
2021-06-01,2021,6,saudi arabia,middle east,0.54,73.64,0.0,86.21
2021-07-01,2021,7,saudi arabia,middle east,0.55,74.27,1.85,57.14
2021-08-01,2021,8,saudi arabia,middle east,0.53,70.64,-3.64,47.22
2021-09-01,2021,9,saudi arabia,middle east,0.54,74.87,1.89,86.21
2021-10-01,2021,10,saudi arabia,middle east,0.63,83.54,16.669999999999998,133.32999999999998
2021-11-01,2021,11,saudi arabia,middle east,0.58,80.79,-7.939999999999999,65.71000000000001
2021-12-01,2021,12,saudi arabia,middle east,0.52,74.09,-10.34,40.54
2022-01-01,2022,1,saudi arabia,middle east,0.68,86.51,30.77,65.85
2022-02-01,2022,2,saudi arabia,middle east,0.72,97.13,5.88,50.0
2022-03-01,2022,3,saudi arabia,middle east,0.87,117.25,20.83,89.13
2022-04-01,2022,4,saudi arabia,middle east,0.77,104.58,-11.49,60.42
2022-05-01,2022,5,saudi arabia,middle east,0.82,112.7,6.49,51.85
2022-06-01,2022,6,saudi arabia,middle east,0.86,117.51,4.88,59.260000000000005
2022-07-01,2022,7,saudi arabia,middle east,0.79,105.24,-8.14,43.64
2022-08-01,2022,8,saudi arabia,middle east,0.72,97.64,-8.86,35.85
2022-09-01,2022,9,saudi arabia,middle east,0.67,90.04,-6.94,24.07
2022-10-01,2022,10,saudi arabia,middle east,0.7,93.26,4.48,11.11
2022-11-01,2022,11,saudi arabia,middle east,0.64,89.23,-8.57,10.34
2022-12-01,2022,12,saudi arabia,middle east,0.6,80.92,-6.25,15.38
2023-01-01,2023,1,saudi arabia,middle east,0.65,84.12,8.33,-4.41
2023-02-01,2023,2,saudi arabia,middle east,0.57,83.95,-12.31,-20.83
2023-03-01,2023,3,saudi arabia,middle east,0.6,79.25,5.26,-31.03
2023-04-01,2023,4,saudi arabia,middle east,0.63,84.45,5.0,-18.18
2023-05-01,2023,5,saudi arabia,middle east,0.57,75.61,-9.52,-30.49
2023-06-01,2023,6,saudi arabia,middle east,0.54,74.91,-5.26,-37.21
2023-07-01,2023,7,saudi arabia,middle east,0.59,80.1,9.26,-25.32
2023-08-01,2023,8,saudi arabia,middle east,0.6,86.17,1.69,-16.669999999999998
2023-09-01,2023,9,saudi arabia,middle east,0.65,93.27,8.33,-2.99
2023-10-01,2023,10,saudi arabia,middle east,0.69,90.82,6.15,-1.43
2023-11-01,2023,11,saudi arabia,middle east,0.63,82.57,-8.7,-1.5599999999999998
2023-12-01,2023,12,saudi arabia,middle east,0.56,77.04,-11.11,-6.67
2024-01-01,2024,1,saudi arabia,middle east,0.58,79.04,3.5700000000000003,-10.77
2024-02-01,2024,2,saudi arabia,middle east,0.56,81.76,-3.45,-1.7500000000000002
2024-03-01,2024,3,saudi arabia,middle east,0.61,85.42,8.93,1.67
2024-04-01,2024,4,saudi arabia,middle east,0.65,89.01,6.5600000000000005,3.17
2024-05-01,2024,5,saudi arabia,middle east,0.59,82.26,-9.23,3.51
2024-06-01,2024,6,saudi arabia,middle east,0.57,81.3,-3.39,5.56
2024-07-01,2024,7,saudi arabia,middle east,0.59,84.66,3.51,0.0
2024-08-01,2024,8,saudi arabia,middle east,0.63,79.27,6.78,5.0
2024-09-01,2024,9,saudi arabia,middle east,0.55,73.16,-12.7,-15.38
2024-10-01,2024,10,saudi arabia,middle east,0.54,74.5,-1.82,-21.74
2024-11-01,2024,11,saudi arabia,middle east,0.53,72.85,-1.85,-15.87
2024-12-01,2024,12,saudi arabia,middle east,0.55,73.68,3.77,-1.79
2025-01-01,2025,1,saudi arabia,middle east,0.55,76.88,0.0,-5.17
2025-02-01,2025,2,saudi arabia,middle east,0.55,74.45,0.0,-1.79
2025-03-01,2025,3,saudi arabia,middle east,0.53,72.1,-3.64,-13.11
2025-04-01,2025,4,saudi arabia,middle east,0.49,68.3,-7.55,-24.62
2025-05-01,2025,5,saudi arabia,middle east,0.46,65.4,-6.12,-22.03
2025-06-01,2025,6,saudi arabia,middle east,0.47,63.2,2.17,-17.54
2025-07-01,2025,7,saudi arabia,middle east,0.43,61.5,-8.51,-27.12
2025-08-01,2025,8,saudi arabia,middle east,0.45,60.1,4.65,-28.57
2025-09-01,2025,9,saudi arabia,middle east,0.44,58.8,-2.22,-20.0
2025-10-01,2025,10,saudi arabia,middle east,0.42,57.5,-4.55,-22.22
2025-11-01,2025,11,saudi arabia,middle east,0.41,56.2,-2.3800000000000003,-22.64
2025-12-01,2025,12,saudi arabia,middle east,0.4,55.0,-2.44,-27.27
2026-01-01,2026,1,saudi arabia,middle east,0.43,58.5,7.5,-21.82
2026-02-01,2026,2,saudi arabia,middle east,0.45,62.4,4.65,-18.18
2026-03-01,2026,3,saudi arabia,middle east,0.7,92.4,55.56,32.08
2015-01-01,2015,1,thailand,southeast asia,0.6,47.76,,
2015-02-01,2015,2,thailand,southeast asia,0.7,58.1,16.669999999999998,
2015-03-01,2015,3,thailand,southeast asia,0.7,55.89,0.0,
2015-04-01,2015,4,thailand,southeast asia,0.77,59.49,10.0,
2015-05-01,2015,5,thailand,southeast asia,0.78,64.14,1.3,
2015-06-01,2015,6,thailand,southeast asia,0.8,61.48,2.56,
2015-07-01,2015,7,thailand,southeast asia,0.73,56.56,-8.75,
2015-08-01,2015,8,thailand,southeast asia,0.54,46.52,-26.03,
2015-09-01,2015,9,thailand,southeast asia,0.59,47.61,9.26,
2015-10-01,2015,10,thailand,southeast asia,0.61,48.43,3.39,
2015-11-01,2015,11,thailand,southeast asia,0.56,44.3,-8.200000000000001,
2015-12-01,2015,12,thailand,southeast asia,0.48,38.01,-14.29,
2016-01-01,2016,1,thailand,southeast asia,0.4,30.7,-16.669999999999998,-33.33
2016-02-01,2016,2,thailand,southeast asia,0.39,32.18,-2.5,-44.29
2016-03-01,2016,3,thailand,southeast asia,0.49,38.21,25.64,-30.0
2016-04-01,2016,4,thailand,southeast asia,0.53,41.58,8.16,-31.17
2016-05-01,2016,5,thailand,southeast asia,0.61,46.74,15.09,-21.790000000000003
2016-06-01,2016,6,thailand,southeast asia,0.62,48.25,1.64,-22.5
2016-07-01,2016,7,thailand,southeast asia,0.56,44.95,-9.68,-23.29
2016-08-01,2016,8,thailand,southeast asia,0.58,45.84,3.5700000000000003,7.41
2016-09-01,2016,9,thailand,southeast asia,0.56,46.57,-3.45,-5.08
2016-10-01,2016,10,thailand,southeast asia,0.62,49.52,10.71,1.64
2016-11-01,2016,11,thailand,southeast asia,0.56,45.27,-9.68,0.0
2016-12-01,2016,12,thailand,southeast asia,0.72,53.28,28.57,50.0
2017-01-01,2017,1,thailand,southeast asia,0.67,54.58,-6.94,67.5
2017-02-01,2017,2,thailand,southeast asia,0.67,55.42,0.0,71.78999999999999
2017-03-01,2017,3,thailand,southeast asia,0.65,51.59,-2.99,32.65
2017-04-01,2017,4,thailand,southeast asia,0.64,52.43,-1.54,20.75
2017-05-01,2017,5,thailand,southeast asia,0.68,50.31,6.25,11.48
2017-06-01,2017,6,thailand,southeast asia,0.6,46.46,-11.76,-3.2300000000000004
2017-07-01,2017,7,thailand,southeast asia,0.61,48.48,1.67,8.93
2017-08-01,2017,8,thailand,southeast asia,0.68,51.58,11.48,17.24
2017-09-01,2017,9,thailand,southeast asia,0.68,55.42,0.0,21.43
2017-10-01,2017,10,thailand,southeast asia,0.75,57.37,10.29,20.97
2017-11-01,2017,11,thailand,southeast asia,0.78,62.66,4.0,39.290000000000006
2017-12-01,2017,12,thailand,southeast asia,0.81,64.37,3.85,12.5
2018-01-01,2018,1,thailand,southeast asia,0.89,69.08,9.88,32.84
2018-02-01,2018,2,thailand,southeast asia,0.88,65.73,-1.12,31.34
2018-03-01,2018,3,thailand,southeast asia,0.82,66.02,-6.819999999999999,26.15
2018-04-01,2018,4,thailand,southeast asia,0.94,72.11,14.63,46.87
2018-05-01,2018,5,thailand,southeast asia,0.97,76.98,3.19,42.65
2018-06-01,2018,6,thailand,southeast asia,0.95,74.41,-2.06,58.330000000000005
2018-07-01,2018,7,thailand,southeast asia,0.95,74.25,0.0,55.74
2018-08-01,2018,8,thailand,southeast asia,0.95,72.53,0.0,39.71
2018-09-01,2018,9,thailand,southeast asia,0.97,78.89,2.11,42.65
2018-10-01,2018,10,thailand,southeast asia,1.02,81.03,5.15,36.0
2018-11-01,2018,11,thailand,southeast asia,0.82,64.75,-19.61,5.13
2018-12-01,2018,12,thailand,southeast asia,0.76,57.36,-7.32,-6.17
2019-01-01,2019,1,thailand,southeast asia,0.74,59.41,-2.63,-16.85
2019-02-01,2019,2,thailand,southeast asia,0.84,63.83,13.51,-4.55
2019-03-01,2019,3,thailand,southeast asia,0.82,66.14,-2.3800000000000003,0.0
2019-04-01,2019,4,thailand,southeast asia,0.89,71.23,8.540000000000001,-5.319999999999999
2019-05-01,2019,5,thailand,southeast asia,0.85,68.32,-4.49,-12.37
2019-06-01,2019,6,thailand,southeast asia,0.78,62.92,-8.24,-17.89
2019-07-01,2019,7,thailand,southeast asia,0.76,63.86,-2.56,-20.0
2019-08-01,2019,8,thailand,southeast asia,0.75,59.04,-1.32,-21.05
2019-09-01,2019,9,thailand,southeast asia,0.82,62.83,9.33,-15.46
2019-10-01,2019,10,thailand,southeast asia,0.77,59.71,-6.1,-24.51
2019-11-01,2019,11,thailand,southeast asia,0.8,63.21,3.9,-2.44
2019-12-01,2019,12,thailand,southeast asia,0.87,67.31,8.75,14.47
2020-01-01,2020,1,thailand,southeast asia,0.81,63.65,-6.9,9.46
2020-02-01,2020,2,thailand,southeast asia,0.75,55.66,-7.41,-10.71
2020-03-01,2020,3,thailand,southeast asia,0.44,32.01,-41.33,-46.34
2020-04-01,2020,4,thailand,southeast asia,0.32,26.63,-27.27,-64.03999999999999
2020-05-01,2020,5,thailand,southeast asia,0.38,30.42,18.75,-55.28999999999999
2020-06-01,2020,6,thailand,southeast asia,0.56,40.27,47.370000000000005,-28.21
2020-07-01,2020,7,thailand,southeast asia,0.53,43.24,-5.36,-30.26
2020-08-01,2020,8,thailand,southeast asia,0.54,44.74,1.89,-28.000000000000004
2020-09-01,2020,9,thailand,southeast asia,0.5,41.03,-7.41,-39.02
2020-10-01,2020,10,thailand,southeast asia,0.52,40.47,4.0,-32.47
2020-11-01,2020,11,thailand,southeast asia,0.52,43.5,0.0,-35.0
2020-12-01,2020,12,thailand,southeast asia,0.63,49.99,21.15,-27.59
2021-01-01,2021,1,thailand,southeast asia,0.7,55.27,11.11,-13.58
2021-02-01,2021,2,thailand,southeast asia,0.81,62.28,15.71,8.0
2021-03-01,2021,3,thailand,southeast asia,0.84,65.41,3.7,90.91
2021-04-01,2021,4,thailand,southeast asia,0.81,65.28,-3.5700000000000003,153.11999999999998
2021-05-01,2021,5,thailand,southeast asia,0.89,68.72,9.88,134.21
2021-06-01,2021,6,thailand,southeast asia,0.95,73.64,6.74,69.64
2021-07-01,2021,7,thailand,southeast asia,0.95,74.27,0.0,79.25
2021-08-01,2021,8,thailand,southeast asia,0.87,70.64,-8.42,61.11
2021-09-01,2021,9,thailand,southeast asia,0.94,74.87,8.05,88.0
2021-10-01,2021,10,thailand,southeast asia,1.08,83.54,14.89,107.69
2021-11-01,2021,11,thailand,southeast asia,1.01,80.79,-6.48,94.23
2021-12-01,2021,12,thailand,southeast asia,0.94,74.09,-6.93,49.21
2022-01-01,2022,1,thailand,southeast asia,1.1,86.51,17.02,57.14
2022-02-01,2022,2,thailand,southeast asia,1.26,97.13,14.55,55.56
2022-03-01,2022,3,thailand,southeast asia,1.47,117.25,16.669999999999998,75.0
2022-04-01,2022,4,thailand,southeast asia,1.32,104.58,-10.2,62.96000000000001
2022-05-01,2022,5,thailand,southeast asia,1.44,112.7,9.09,61.8
2022-06-01,2022,6,thailand,southeast asia,1.52,117.51,5.56,60.0
2022-07-01,2022,7,thailand,southeast asia,1.34,105.24,-11.84,41.05
2022-08-01,2022,8,thailand,southeast asia,1.23,97.64,-8.21,41.38
2022-09-01,2022,9,thailand,southeast asia,1.16,90.04,-5.69,23.4
2022-10-01,2022,10,thailand,southeast asia,1.19,93.26,2.59,10.19
2022-11-01,2022,11,thailand,southeast asia,1.17,89.23,-1.68,15.840000000000002
2022-12-01,2022,12,thailand,southeast asia,1.02,80.92,-12.82,8.51
2023-01-01,2023,1,thailand,southeast asia,1.06,84.12,3.92,-3.64
2023-02-01,2023,2,thailand,southeast asia,1.05,83.95,-0.94,-16.669999999999998
2023-03-01,2023,3,thailand,southeast asia,1.0,79.25,-4.760000000000001,-31.97
2023-04-01,2023,4,thailand,southeast asia,1.05,84.45,5.0,-20.45
2023-05-01,2023,5,thailand,southeast asia,0.97,75.61,-7.62,-32.64
2023-06-01,2023,6,thailand,southeast asia,0.98,74.91,1.03,-35.53
2023-07-01,2023,7,thailand,southeast asia,1.05,80.1,7.140000000000001,-21.64
2023-08-01,2023,8,thailand,southeast asia,1.08,86.17,2.86,-12.2
2023-09-01,2023,9,thailand,southeast asia,1.18,93.27,9.26,1.72
2023-10-01,2023,10,thailand,southeast asia,1.14,90.82,-3.39,-4.2
2023-11-01,2023,11,thailand,southeast asia,1.04,82.57,-8.77,-11.11
2023-12-01,2023,12,thailand,southeast asia,1.0,77.04,-3.85,-1.96
2024-01-01,2024,1,thailand,southeast asia,1.01,79.04,1.0,-4.72
2024-02-01,2024,2,thailand,southeast asia,1.05,81.76,3.96,0.0
2024-03-01,2024,3,thailand,southeast asia,1.1,85.42,4.760000000000001,10.0
2024-04-01,2024,4,thailand,southeast asia,1.13,89.01,2.73,7.62
2024-05-01,2024,5,thailand,southeast asia,1.07,82.26,-5.3100000000000005,10.31
2024-06-01,2024,6,thailand,southeast asia,1.02,81.3,-4.67,4.08
2024-07-01,2024,7,thailand,southeast asia,1.07,84.66,4.9,1.9
2024-08-01,2024,8,thailand,southeast asia,1.04,79.27,-2.8000000000000003,-3.7
2024-09-01,2024,9,thailand,southeast asia,0.95,73.16,-8.649999999999999,-19.49
2024-10-01,2024,10,thailand,southeast asia,0.93,74.5,-2.11,-18.42
2024-11-01,2024,11,thailand,southeast asia,0.9,72.85,-3.2300000000000004,-13.46
2024-12-01,2024,12,thailand,southeast asia,0.9,73.68,0.0,-10.0
2025-01-01,2025,1,thailand,southeast asia,0.97,76.88,7.779999999999999,-3.96
2025-02-01,2025,2,thailand,southeast asia,0.94,74.45,-3.09,-10.48
2025-03-01,2025,3,thailand,southeast asia,0.91,72.1,-3.19,-17.27
2025-04-01,2025,4,thailand,southeast asia,0.85,68.3,-6.59,-24.78
2025-05-01,2025,5,thailand,southeast asia,0.82,65.4,-3.53,-23.36
2025-06-01,2025,6,thailand,southeast asia,0.83,63.2,1.22,-18.63
2025-07-01,2025,7,thailand,southeast asia,0.78,61.5,-6.02,-27.1
2025-08-01,2025,8,thailand,southeast asia,0.79,60.1,1.28,-24.04
2025-09-01,2025,9,thailand,southeast asia,0.73,58.8,-7.59,-23.16
2025-10-01,2025,10,thailand,southeast asia,0.73,57.5,0.0,-21.51
2025-11-01,2025,11,thailand,southeast asia,0.72,56.2,-1.37,-20.0
2025-12-01,2025,12,thailand,southeast asia,0.7,55.0,-2.78,-22.22
2026-01-01,2026,1,thailand,southeast asia,0.74,58.5,5.71,-23.71
2026-02-01,2026,2,thailand,southeast asia,0.79,62.4,6.76,-15.96
2026-03-01,2026,3,thailand,southeast asia,1.19,92.4,50.63,30.77
2015-01-01,2015,1,united states,north america,0.4,47.76,,
2015-02-01,2015,2,united states,north america,0.49,58.1,22.5,
2015-03-01,2015,3,united states,north america,0.47,55.89,-4.08,
2015-04-01,2015,4,united states,north america,0.49,59.49,4.26,
2015-05-01,2015,5,united states,north america,0.56,64.14,14.29,
2015-06-01,2015,6,united states,north america,0.54,61.48,-3.5700000000000003,
2015-07-01,2015,7,united states,north america,0.5,56.56,-7.41,
2015-08-01,2015,8,united states,north america,0.41,46.52,-18.0,
2015-09-01,2015,9,united states,north america,0.4,47.61,-2.44,
2015-10-01,2015,10,united states,north america,0.42,48.43,5.0,
2015-11-01,2015,11,united states,north america,0.39,44.3,-7.140000000000001,
2015-12-01,2015,12,united states,north america,0.35,38.01,-10.26,
2016-01-01,2016,1,united states,north america,0.27,30.7,-22.86,-32.5
2016-02-01,2016,2,united states,north america,0.3,32.18,11.11,-38.78
2016-03-01,2016,3,united states,north america,0.34,38.21,13.33,-27.66
2016-04-01,2016,4,united states,north america,0.34,41.58,0.0,-30.61
2016-05-01,2016,5,united states,north america,0.4,46.74,17.65,-28.57
2016-06-01,2016,6,united states,north america,0.41,48.25,2.5,-24.07
2016-07-01,2016,7,united states,north america,0.37,44.95,-9.76,-26.0
2016-08-01,2016,8,united states,north america,0.4,45.84,8.110000000000001,-2.44
2016-09-01,2016,9,united states,north america,0.41,46.57,2.5,2.5
2016-10-01,2016,10,united states,north america,0.42,49.52,2.44,0.0
2016-11-01,2016,11,united states,north america,0.38,45.27,-9.52,-2.56
2016-12-01,2016,12,united states,north america,0.45,53.28,18.42,28.57
2017-01-01,2017,1,united states,north america,0.51,54.58,13.33,88.89
2017-02-01,2017,2,united states,north america,0.49,55.42,-3.92,63.33
2017-03-01,2017,3,united states,north america,0.44,51.59,-10.2,29.41
2017-04-01,2017,4,united states,north america,0.46,52.43,4.55,35.29
2017-05-01,2017,5,united states,north america,0.44,50.31,-4.35,10.0
2017-06-01,2017,6,united states,north america,0.42,46.46,-4.55,2.44
2017-07-01,2017,7,united states,north america,0.43,48.48,2.3800000000000003,16.220000000000002
2017-08-01,2017,8,united states,north america,0.45,51.58,4.65,12.5
2017-09-01,2017,9,united states,north america,0.49,55.42,8.89,19.51
2017-10-01,2017,10,united states,north america,0.51,57.37,4.08,21.43
2017-11-01,2017,11,united states,north america,0.53,62.66,3.92,39.47
2017-12-01,2017,12,united states,north america,0.56,64.37,5.66,24.44
2018-01-01,2018,1,united states,north america,0.6,69.08,7.140000000000001,17.65
2018-02-01,2018,2,united states,north america,0.61,65.73,1.67,24.49
2018-03-01,2018,3,united states,north america,0.59,66.02,-3.28,34.09
2018-04-01,2018,4,united states,north america,0.62,72.11,5.08,34.78
2018-05-01,2018,5,united states,north america,0.67,76.98,8.06,52.27
2018-06-01,2018,6,united states,north america,0.67,74.41,0.0,59.52
2018-07-01,2018,7,united states,north america,0.66,74.25,-1.49,53.49
2018-08-01,2018,8,united states,north america,0.59,72.53,-10.61,31.11
2018-09-01,2018,9,united states,north america,0.67,78.89,13.56,36.73
2018-10-01,2018,10,united states,north america,0.69,81.03,2.99,35.29
2018-11-01,2018,11,united states,north america,0.55,64.75,-20.29,3.77
2018-12-01,2018,12,united states,north america,0.56,57.36,1.82,0.0
2019-01-01,2019,1,united states,north america,0.55,59.41,-1.79,-8.33
2019-02-01,2019,2,united states,north america,0.54,63.83,-1.82,-11.48
2019-03-01,2019,3,united states,north america,0.57,66.14,5.56,-3.39
2019-04-01,2019,4,united states,north america,0.62,71.23,8.77,0.0
2019-05-01,2019,5,united states,north america,0.6,68.32,-3.2300000000000004,-10.45
2019-06-01,2019,6,united states,north america,0.57,62.92,-5.0,-14.93
2019-07-01,2019,7,united states,north america,0.56,63.86,-1.7500000000000002,-15.15
2019-08-01,2019,8,united states,north america,0.52,59.04,-7.140000000000001,-11.86
2019-09-01,2019,9,united states,north america,0.51,62.83,-1.92,-23.880000000000003
2019-10-01,2019,10,united states,north america,0.49,59.71,-3.92,-28.99
2019-11-01,2019,11,united states,north america,0.56,63.21,14.29,1.82
2019-12-01,2019,12,united states,north america,0.57,67.31,1.79,1.79
2020-01-01,2020,1,united states,north america,0.52,63.65,-8.77,-5.45
2020-02-01,2020,2,united states,north america,0.49,55.66,-5.7700000000000005,-9.26
2020-03-01,2020,3,united states,north america,0.28,32.01,-42.86,-50.88
2020-04-01,2020,4,united states,north america,0.2,26.63,-28.57,-67.74
2020-05-01,2020,5,united states,north america,0.26,30.42,30.0,-56.67
2020-06-01,2020,6,united states,north america,0.35,40.27,34.62,-38.6
2020-07-01,2020,7,united states,north america,0.32,43.24,-8.57,-42.86
2020-08-01,2020,8,united states,north america,0.41,44.74,28.12,-21.15
2020-09-01,2020,9,united states,north america,0.37,41.03,-9.76,-27.450000000000003
2020-10-01,2020,10,united states,north america,0.37,40.47,0.0,-24.49
2020-11-01,2020,11,united states,north america,0.34,43.5,-8.110000000000001,-39.290000000000006
2020-12-01,2020,12,united states,north america,0.43,49.99,26.47,-24.56
2021-01-01,2021,1,united states,north america,0.47,55.27,9.3,-9.62
2021-02-01,2021,2,united states,north america,0.57,62.28,21.28,16.33
2021-03-01,2021,3,united states,north america,0.55,65.41,-3.51,96.43
2021-04-01,2021,4,united states,north america,0.55,65.28,0.0,175.0
2021-05-01,2021,5,united states,north america,0.58,68.72,5.45,123.07999999999998
2021-06-01,2021,6,united states,north america,0.64,73.64,10.34,82.86
2021-07-01,2021,7,united states,north america,0.64,74.27,0.0,100.0
2021-08-01,2021,8,united states,north america,0.61,70.64,-4.69,48.78
2021-09-01,2021,9,united states,north america,0.67,74.87,9.84,81.08
2021-10-01,2021,10,united states,north america,0.73,83.54,8.959999999999999,97.3
2021-11-01,2021,11,united states,north america,0.69,80.79,-5.48,102.94
2021-12-01,2021,12,united states,north america,0.66,74.09,-4.35,53.49
2022-01-01,2022,1,united states,north america,0.74,86.51,12.12,57.45
2022-02-01,2022,2,united states,north america,0.83,97.13,12.16,45.61
2022-03-01,2022,3,united states,north america,1.03,117.25,24.1,87.27000000000001
2022-04-01,2022,4,united states,north america,0.91,104.58,-11.65,65.45
2022-05-01,2022,5,united states,north america,0.99,112.7,8.790000000000001,70.69
2022-06-01,2022,6,united states,north america,1.04,117.51,5.050000000000001,62.5
2022-07-01,2022,7,united states,north america,0.92,105.24,-11.54,43.75
2022-08-01,2022,8,united states,north america,0.84,97.64,-8.7,37.7
2022-09-01,2022,9,united states,north america,0.81,90.04,-3.5700000000000003,20.9
2022-10-01,2022,10,united states,north america,0.81,93.26,0.0,10.96
2022-11-01,2022,11,united states,north america,0.77,89.23,-4.94,11.59
2022-12-01,2022,12,united states,north america,0.71,80.92,-7.79,7.580000000000001
2023-01-01,2023,1,united states,north america,0.73,84.12,2.82,-1.35
2023-02-01,2023,2,united states,north america,0.7,83.95,-4.109999999999999,-15.659999999999998
2023-03-01,2023,3,united states,north america,0.68,79.25,-2.86,-33.98
2023-04-01,2023,4,united states,north america,0.72,84.45,5.88,-20.880000000000003
2023-05-01,2023,5,united states,north america,0.68,75.61,-5.56,-31.31
2023-06-01,2023,6,united states,north america,0.64,74.91,-5.88,-38.46
2023-07-01,2023,7,united states,north america,0.71,80.1,10.94,-22.83
2023-08-01,2023,8,united states,north america,0.75,86.17,5.63,-10.71
2023-09-01,2023,9,united states,north america,0.84,93.27,12.0,3.7
2023-10-01,2023,10,united states,north america,0.8,90.82,-4.760000000000001,-1.23
2023-11-01,2023,11,united states,north america,0.71,82.57,-11.25,-7.79
2023-12-01,2023,12,united states,north america,0.7,77.04,-1.41,-1.41
2024-01-01,2024,1,united states,north america,0.68,79.04,-2.86,-6.8500000000000005
2024-02-01,2024,2,united states,north america,0.73,81.76,7.35,4.29
2024-03-01,2024,3,united states,north america,0.73,85.42,0.0,7.35
2024-04-01,2024,4,united states,north america,0.78,89.01,6.8500000000000005,8.33
2024-05-01,2024,5,united states,north america,0.71,82.26,-8.97,4.41
2024-06-01,2024,6,united states,north america,0.72,81.3,1.41,12.5
2024-07-01,2024,7,united states,north america,0.77,84.66,6.94,8.450000000000001
2024-08-01,2024,8,united states,north america,0.71,79.27,-7.79,-5.33
2024-09-01,2024,9,united states,north america,0.65,73.16,-8.450000000000001,-22.62
2024-10-01,2024,10,united states,north america,0.63,74.5,-3.08,-21.25
2024-11-01,2024,11,united states,north america,0.64,72.85,1.59,-9.86
2024-12-01,2024,12,united states,north america,0.64,73.68,0.0,-8.57
2025-01-01,2025,1,united states,north america,0.64,76.88,0.0,-5.88
2025-02-01,2025,2,united states,north america,0.63,74.45,-1.5599999999999998,-13.7
2025-03-01,2025,3,united states,north america,0.64,72.1,1.59,-12.33
2025-04-01,2025,4,united states,north america,0.6,68.3,-6.25,-23.08
2025-05-01,2025,5,united states,north america,0.57,65.4,-5.0,-19.72
2025-06-01,2025,6,united states,north america,0.53,63.2,-7.02,-26.39
2025-07-01,2025,7,united states,north america,0.52,61.5,-1.89,-32.47
2025-08-01,2025,8,united states,north america,0.52,60.1,0.0,-26.76
2025-09-01,2025,9,united states,north america,0.49,58.8,-5.7700000000000005,-24.62
2025-10-01,2025,10,united states,north america,0.5,57.5,2.04,-20.630000000000003
2025-11-01,2025,11,united states,north america,0.51,56.2,2.0,-20.31
2025-12-01,2025,12,united states,north america,0.46,55.0,-9.8,-28.12
2026-01-01,2026,1,united states,north america,0.48,58.5,4.35,-25.0
2026-02-01,2026,2,united states,north america,0.53,62.4,10.42,-15.87
2026-03-01,2026,3,united states,north america,0.77,92.4,45.28,20.31
